概述,停机位,国际国内属性,远近机位属性,滑入滑行道,推出滑行道,飞行任务,航空公司,机型,冲突机位代码,影响滑入机位代码,影响滑出机位代码
东边近机位,101,国际,近机位,L4,L4,3|D|M|Y|Z,2P|3K|3U|5J|7P|8M|AE|AF|AI|AK|AY|B7|BR|CI|CZ|EK|ET|FD|GA|GE|H8|HU|IA|IW|IY|JL|JT|K6|KA|KE|KQ|LH|MH|MK|MS|NH|NN|NW|O8|OX|OZ|PR|QR|QV|RJ|SG|SJ|SL|SQ|SU|SV|TG|TK|TR|TW|U6|UB|UL|UM|VN|ZB|MU|ZH|9C|TZ|JD|NL|W5,312|313|319|320|321|32B|32V|732|733|734|735|736|738|73G|73H|73W|752|762|AB6|T20,,,
东边近机位,102,国际,近机位,L4,L4,3|D|M|Y|Z,2P|3K|3U|5J|7P|8M|AE|AF|AI|AK|AY|B7|BR|CI|CZ|EK|ET|FD|GA|GE|H8|HU|IA|IW|IY|JL|JT|K6|KA|KE|KQ|LH|MH|MK|MS|NH|NN|NW|O8|OX|OZ|PR|QR|QV|RJ|SG|SJ|SL|SQ|SU|SV|TG|TK|TR|TW|U6|UB|UL|UM|VN|ZB|MU|ZH|9C|TZ|JD|NL|W5,312|313|319|320|321|32B|32V|732|733|734|735|736|738|73G|73H|73W|752|762|763|AB6|T20,,,
东边近机位,103,国际,近机位,L4,L4,3|D|M|Y|Z,2P|3K|3U|5J|7P|8M|AE|AF|AI|AK|AY|B7|BR|CI|CZ|EK|ET|FD|GA|GE|H8|HU|IA|IW|IY|JL|JT|K6|KA|KE|KQ|LH|MH|MK|MS|NH|NN|NW|O8|OX|OZ|PR|QR|QV|RJ|SG|SJ|SL|SQ|SU|SV|TG|TK|TR|TW|U6|UB|UL|UM|VN|ZB|MU|ZH|9C|TZ|JD|NL|W5,312|313|319|320|321|32B|32V|332|333|342|343|345|346|732|733|734|735|736|738|739|73G|73H|73W|741|742|743|744|74L|752|762|763|772|773|788|789|AB6|D10|M11,,,
东边近机位,104,国际,近机位,L4,L4,3|D|M|Y|Z,2P|3K|3U|5J|7P|8M|AE|AF|AI|AK|AY|B7|BR|CI|CZ|EK|ET|FD|GA|GE|H8|HU|IA|IW|IY|JL|JT|K6|KA|KE|KQ|LH|MH|MK|MS|NH|NN|NW|O8|OX|OZ|PR|QR|QV|RJ|SG|SJ|SL|SQ|SU|SV|TG|TK|TR|TW|U6|UB|UL|UM|VN|ZB|MU|ZH|9C|TZ|JD|NL|W5,312|313|319|320|321|32B|32V|332|333|342|343|345|346|732|733|734|735|736|738|739|73G|73H|73W|741|742|743|744|74L|752|762|763|772|773|788|789|AB6|D10|M11,,,
东边近机位,105,国际,近机位,L4,L4,3|D|M|Y|Z,2P|3K|3U|5J|7P|8M|AE|AF|AI|AK|AY|B7|BR|CI|CZ|EK|ET|FD|GA|GE|H8|HU|IA|IW|IY|JL|JT|K6|KA|KE|KQ|LH|MH|MK|MS|NH|NN|NW|O8|OX|OZ|PR|QR|QV|RJ|SG|SJ|SL|SQ|SU|SV|TG|TK|TR|TW|U6|UB|UL|UM|VN|ZB|MU|ZH|9C|TZ|JD|NL|W5,319|320|321|32B|32V|332|333|342|343|345|346|388|741|742|743|744|752|762|763|772|773|788|789|AB6|D10|M11|T20,,,
东边近机位,106,国际,近机位,L4,L4,3|D|M|Y|Z,2P|3K|3U|5J|7P|8M|AE|AF|AI|AK|AY|B7|BR|CI|CZ|EK|ET|FD|GA|GE|H8|HU|IA|IW|IY|JL|JT|K6|KA|KE|KQ|LH|MH|MK|MS|NH|NN|NW|O8|OX|OZ|PR|QR|QV|RJ|SG|SJ|SL|SQ|SU|SV|TG|TK|TR|TW|U6|UB|UL|UM|VN|ZB|MU|ZH|9C|TZ|JD|NL|W5,312|313|321|32B|32V|332|333|342|343|345|346|388|744|748|752|762|763|772|773|788|789|AB6|D10|M11,,,
东边近机位,107,国际,近机位,L5,L5,3|D|M|Y|Z,2P|3K|3U|5J|7P|8M|AE|AF|AI|AK|AY|B7|BR|CI|CZ|EK|ET|FD|GA|GE|H8|HU|IA|IW|IY|JL|JT|K6|KA|KE|KQ|LH|MH|MK|MS|NH|NN|NW|O8|OX|OZ|PR|QR|QV|RJ|SG|SJ|SL|SQ|SU|SV|TG|TK|TR|TW|U6|UB|UL|UM|VN|ZB|MU|ZH|9C|TZ|JD|NL|W5,312|313|319|320|321|32B|32V|732|733|734|735|736|738|739|73G|73H|73W|752|762|763|AB6|T20,,,
东边近机位,108,国际,近机位,L5,L5,3|D|M|Y|Z,2P|3K|3U|5J|7P|8M|AE|AF|AI|AK|AY|B7|BR|CI|CZ|EK|ET|FD|GA|GE|H8|HU|IA|IW|IY|JL|JT|K6|KA|KE|KQ|LH|MH|MK|MS|NH|NN|NW|O8|OX|OZ|PR|QR|QV|RJ|SG|SJ|SL|SQ|SU|SV|TG|TK|TR|TW|U6|UB|UL|UM|VN|ZB|MU|ZH|9C|TZ|JD|NL|W5,312|313|319|320|321|32B|32V|732|733|734|735|736|738|73G|73H|73W|752|762|763|AB6|T20,,,
东边近机位,109,国际,近机位,L5,L5,3|D|M|Y|Z,2P|3K|3U|5J|7P|8M|AE|AF|AI|AK|AY|B7|BR|CI|CZ|EK|ET|FD|GA|GE|H8|HU|IA|IW|IY|JL|JT|K6|KA|KE|KQ|LH|MH|MK|MS|NH|NN|NW|O8|OX|OZ|PR|QR|QV|RJ|SG|SJ|SL|SQ|SU|SV|TG|TK|TR|TW|U6|UB|UL|UM|VN|ZB|MU|ZH|9C|TZ|JD|NL|W5,312|313|319|320|321|32B|32V|332|333|342|343|345|346|732|733|734|735|736|738|739|73G|73H|73W|741|742|743|744|752|762|763|772|773|788|AB6|D10|M11,,,
东边近机位,110,国际,近机位,L5,L5,3|D|M|Y|Z,2P|3K|3U|5J|7P|8M|AE|AF|AI|AK|AY|B7|BR|CI|CZ|EK|ET|FD|GA|GE|H8|HU|IA|IW|IY|JL|JT|K6|KA|KE|KQ|LH|MH|MK|MS|NH|NN|NW|O8|OX|OZ|PR|QR|QV|RJ|SG|SJ|SL|SQ|SU|SV|TG|TK|TR|TW|U6|UB|UL|UM|VN|ZB|MU|ZH|9C|TZ|JD|NL|W5,312|313|319|320|321|32B|32V|332|333|342|343|345|346|732|733|734|735|736|738|739|73G|73H|73W|741|742|743|744|752|762|763|772|773|788|789|AB6|D10|M11,,,
东边近机位,111,国际,近机位,L5,L5,3|D|M|Y|Z,2P|3K|3U|5J|7P|8M|AE|AF|AI|AK|AY|B7|BR|CI|CZ|EK|ET|FD|GA|GE|H8|HU|IA|IW|IY|JL|JT|K6|KA|KE|KQ|LH|MH|MK|MS|NH|NN|NW|O8|OX|OZ|PR|QR|QV|RJ|SG|SJ|SL|SQ|SU|SV|TG|TK|TR|TW|U6|UB|UL|UM|VN|ZB|MU|ZH|9C|TZ|JD|NL|W5,312|313|319|320|321|32B|32V|732|733|734|735|736|738|739|73G|73H|73W|752|762|763|76W|AB6|T20,,,
东边近机位,112,国际,近机位,L5,L5,3|D|M|Y|Z,2P|3K|3U|5J|7P|8M|AE|AF|AI|AK|AY|B7|BR|CI|CZ|EK|ET|FD|GA|GE|H8|HU|IA|IW|IY|JL|JT|K6|KA|KE|KQ|LH|MH|MK|MS|NH|NN|NW|O8|OX|OZ|PR|QR|QV|RJ|SG|SJ|SL|SQ|SU|SV|TG|TK|TR|TW|U6|UB|UL|UM|VN|ZB|MU|ZH|9C|TZ|JD|NL|W5,312|313|319|320|321|32B|32V|732|733|734|735|736|738|739|73G|73H|73W|752|762|763|AB6|T20,,,
东边近机位,113,国际,近机位,L6,L6,3|D|Y|Z,2P|3K|3U|5J|7P|8M|AE|AF|AI|AK|AY|B7|BR|CI|CZ|EK|ET|FD|GA|GE|H8|HU|IA|IW|IY|JL|JT|K6|KA|KE|KQ|LH|MH|MK|MS|NH|NN|NW|O8|OX|OZ|PR|QR|QV|RJ|SG|SJ|SL|SQ|SU|SV|TG|TK|TR|TW|U6|UB|UL|UM|VN|ZB|MU|ZH|9C|TZ|JD|NL|W5,312|313|319|320|321|32B|32V|732|733|734|735|736|738|739|73G|73H|73W|752|762|763|AB6,,,
东边近机位,114,国际,近机位,L6,L6,3|D|Y|Z,2P|3K|3U|5J|7P|8M|AE|AF|AI|AK|AY|B7|BR|CI|CZ|EK|ET|FD|GA|GE|H8|HU|IA|IW|IY|JL|JT|K6|KA|KE|KQ|LH|MH|MK|MS|NH|NN|NW|O8|OX|OZ|PR|QR|QV|RJ|SG|SJ|SL|SQ|SU|SV|TG|TK|TR|TW|U6|UB|UL|UM|VN|ZB|MU|ZH|9C|TZ|JD|NL|W5,319|320|321|733|734|735|736|738,,,
东边近机位,115,国际,近机位,L6,L6,3|D|Y|Z,2P|3K|3U|5J|7P|8M|AE|AF|AI|AK|AY|B7|BR|CI|CZ|EK|ET|FD|GA|GE|H8|HU|IA|IW|IY|JL|JT|K6|KA|KE|KQ|LH|MH|MK|MS|NH|NN|NW|O8|OX|OZ|PR|QR|QV|RJ|SG|SJ|SL|SQ|SU|SV|TG|TK|TR|TW|U6|UB|UL|UM|VN|ZB|MU|ZH|9C|TZ|JD|NL|W5,319|320|321|32B|733|734|735|736|738|73G|73H|73W,,,
东边近机位,116,国际,近机位,L6,L6,3|D|Y|Z,2P|3K|3U|5J|7P|8M|AE|AF|AI|AK|AY|B7|BR|CI|CZ|EK|ET|FD|GA|GE|H8|HU|IA|IW|IY|JL|JT|K6|KA|KE|KQ|LH|MH|MK|MS|NH|NN|NW|O8|OX|OZ|PR|QR|QV|RJ|SG|SJ|SL|SQ|SU|SV|TG|TK|TR|TW|U6|UB|UL|UM|VN|ZB|MU|ZH|9C|TZ|JD|NL|W5,312|313|319|320|321|32B|32V|332|333|343|732|733|734|735|736|738|73G|73H|73W|741|742|743|744|752|762|763|772|788|789|AB6|D10|M11,,,
东边近机位,117,国际,近机位,L6,L6,3|D|Y|Z,2P|3K|3U|5J|7P|8M|AE|AF|AI|AK|AY|B7|BR|CI|CZ|EK|ET|FD|GA|GE|H8|HU|IA|IW|IY|JL|JT|K6|KA|KE|KQ|LH|MH|MK|MS|NH|NN|NW|O8|OX|OZ|PR|QR|QV|RJ|SG|SJ|SL|SQ|SU|SV|TG|TK|TR|TW|U6|UB|UL|UM|VN|ZB|MU|ZH|9C|TZ|JD|NL|W5,312|313|321|32B|32V|332|333|342|343|345|346|388|744|748|752|753|762|763|772|773|788|789|AB6|D10|M11,,,
东边近机位,118,国际,近机位,L7,L7,3|D|Y|Z,2P|3K|3U|5J|7P|8M|AE|AF|AI|AK|AY|B7|BR|CI|CZ|EK|ET|FD|GA|GE|H8|HU|IA|IW|IY|JL|JT|K6|KA|KE|KQ|LH|MH|MK|MS|NH|NN|NW|O8|OX|OZ|PR|QR|QV|RJ|SG|SJ|SL|SQ|SU|SV|TG|TK|TR|TW|U6|UB|UL|UM|VN|ZB|MU|ZH|9C|TZ|JD|NL|W5,312|313|319|320|321|32B|32V|732|733|734|735|736|738|739|73G|73H|73W|752|762|763|AB6,,,
东边近机位,119,国际,近机位,L7,L7,3|D|Y|Z,2P|3K|3U|5J|7P|8M|AE|AF|AI|AK|AY|B7|BR|CI|CZ|EK|ET|FD|GA|GE|H8|HU|IA|IW|IY|JL|JT|K6|KA|KE|KQ|LH|MH|MK|MS|NH|NN|NW|O8|OX|OZ|PR|QR|QV|RJ|SG|SJ|SL|SQ|SU|SV|TG|TK|TR|TW|U6|UB|UL|UM|VN|ZB|MU|ZH|9C|TZ|JD|NL|W5,312|313|319|320|321|32B|32V|732|733|734|735|736|738|739|73G|73H|73W|752|762|763|AB6,,,
东边近机位,120,国际,近机位,L7,L7,3|D|Y|Z,2P|3K|3U|5J|7P|8M|AE|AF|AI|AK|AY|B7|BR|CI|CZ|EK|ET|FD|GA|GE|H8|HU|IA|IW|IY|JL|JT|K6|KA|KE|KQ|LH|MH|MK|MS|NH|NN|NW|O8|OX|OZ|PR|QR|QV|RJ|SG|SJ|SL|SQ|SU|SV|TG|TK|TR|TW|U6|UB|UL|UM|VN|ZB|MU|ZH|9C|TZ|JD|NL|W5,312|313|319|320|321|32B|32V|732|733|734|735|736|738|739|73G|73H|73W|752|762|763|AB6,,,
东边近机位,121,国际,近机位,L7,L7,3|D|Y|Z,2P|3K|3U|5J|7P|8M|AE|AF|AI|AK|AY|B7|BR|CI|CZ|EK|ET|FD|GA|GE|H8|HU|IA|IW|IY|JL|JT|K6|KA|KE|KQ|LH|MH|MK|MS|NH|NN|NW|O8|OX|OZ|PR|QR|QV|RJ|SG|SJ|SL|SQ|SU|SV|TG|TK|TR|TW|U6|UB|UL|UM|VN|ZB|MU|ZH|9C|TZ|JD|NL|W5,312|313|319|320|321|32B|32V|732|733|734|735|736|738|739|73G|73H|73W|752|762|763|76W|AB6,,,
东边近机位,122,国际,近机位,L7,L7,3|D|Y|Z,2P|3K|3U|5J|7P|8M|AE|AF|AI|AK|AY|B7|BR|CI|CZ|EK|ET|FD|GA|GE|H8|HU|IA|IW|IY|JL|JT|K6|KA|KE|KQ|LH|MH|MK|MS|NH|NN|NW|O8|OX|OZ|PR|QR|QV|RJ|SG|SJ|SL|SQ|SU|SV|TG|TK|TR|TW|U6|UB|UL|UM|VN|ZB|MU|ZH|9C|TZ|JD|NL|W5,319|320|32V|732|733|734|735|736|738|73G|73H|73W,,,
东边近机位,123,国际,近机位,L7,L7,3|D|Y|Z,2P|3K|3U|5J|7P|8M|AE|AF|AI|AK|AY|B7|BR|CI|CZ|EK|ET|FD|GA|GE|H8|HU|IA|IW|IY|JL|JT|K6|KA|KE|KQ|LH|MH|MK|MS|NH|NN|NW|O8|OX|OZ|PR|QR|QV|RJ|SG|SJ|SL|SQ|SU|SV|TG|TK|TR|TW|U6|UB|UL|UM|VN|ZB|MU|ZH|9C|TZ|JD|NL|W5,319|320|32V|732|733|734|735|736|738|73G|73H|73W,,,
东边近机位,124,国内,近机位,L8,L8,3|D|Y|Z,9C|BK|CA|GJ|HO|KY|SC|ZH,732|733|734|735|736|738|73G|73H|73W,,,
东边近机位,125,国内,近机位,L8,L8,3|D|Y|Z,9C|BK|CA|GJ|HO|KY|SC|ZH,312|313|319|320|321|32B|32V|732|733|734|735|736|738|739|73G|73H|73W|752|762|763|AB6,,,
东边近机位,126,国内,近机位,L8,L8,3|D|Y|Z,9C|BK|CA|GJ|HO|KY|SC|ZH,312|313|319|320|321|32B|32V|732|733|734|735|736|738|739|73G|73H|73W|752|762|763|AB6,,,
东边近机位,127,国内,近机位,L8,L8,3|D|Y|Z,9C|BK|CA|GJ|HO|KY|SC|ZH,319|320|32V|732|733|734|735|736|738|73G|73H|73W,,,
东边近机位,128,国内,近机位,L8,L8,3|D|Y|Z,9C|BK|CA|GJ|HO|KY|SC|ZH,312|320|321|32B|32V|332|333|342|343|346|744|752|762|763|772|773|788|789|AB6|D10|M11,,,
东边近机位,129,国内,近机位,L9,L9,3|D|Y|Z,9C|BK|CA|GJ|HO|KY|SC|ZH,312|319|320|321|32B|32V|332|333|342|343|345|346|388|744|748|752|762|763|772|773|788|789|AB6|D10|M11,,,
东边近机位,130,国内,近机位,L9,L9,3|D|Y|Z,9C|BK|CA|GJ|HO|KY|SC|ZH,312|319|320|321|32B|32V|732|733|734|735|736|738|739|73G|73H|73W|752|762|763|AB6,,,
东边近机位,131,国内,近机位,L9,L9,3|D|Y|Z,9C|BK|CA|GJ|HO|KY|SC|ZH,312|319|320|321|32B|32V|732|733|734|735|736|738|739|73G|73H|73W|752|762|763|76W|AB6,,,
东边近机位,132,国内,近机位,L9,L9,3|D|Y|Z,9C|BK|CA|GJ|HO|KY|SC|ZH,312|319|320|321|32B|32V|732|733|734|735|736|738|739|73G|73H|73W|752|762|763|AB6,,,
东边近机位,133,国内,近机位,L9,L9,3|D|Y|Z,9C|BK|CA|GJ|HO|KY|SC|ZH,319|320|732|733|734|735|736|738|73G,,,
东边远机位,135,国内,远机位,L9,L9,2|3|D|Y|Z,9C|BK|CA|GJ|HO|KY|SC|ZH,319|320|732|733|734|735|736|738|73G|E90,,,
东边远机位,136,国内,远机位,L9,L9,2|3|D|Y|Z,9C|BK|CA|GJ|HO|KY|SC|ZH,319|320|32V|732|733|734|735|736|738|73G|73H|73W|E90,,,
东边远机位,137,国内,远机位,L9,L9,2|3|D|Y|Z,9C|BK|CA|GJ|HO|KY|SC|ZH,319|320|32V|732|733|734|735|736|738|73G|73H|73W|E90,,,
东边远机位,138,国内,远机位,L9,L9,2|3|D|Y|Z,9C|BK|CA|GJ|HO|KY|SC|ZH,319|320|32V|732|733|734|735|736|738|73G|73H|73W|E90,,,
东边远机位,139,国内,远机位,L9,L9,2|3|D|Y|Z,9C|BK|CA|GJ|HO|KY|SC|ZH,319|320|732|733|734|735|736|738|73G|E90,,,
东边远机位,140,国内,远机位,L9,L9,2|3|D|Y|Z,9C|BK|CA|GJ|HO|KY|SC|ZH,312|319|320|321|32B|32V|332|333|342|343|345|346|388|732|733|734|735|736|738|739|73G|73H|73W|741|742|743|744|748|752|762|763|772|773|788|789|AB6|D10|M11|M82|M90,,,
西边近机位,201,国内,近机位,J6,J6,3|D|Y|Z,CZ|MF|NS|OQ,312|313|319|320|321|32B|32V|332|342|732|733|734|735|736|738|73G|73H|73W|752|762|763|788|AB6,,,
西边近机位,202,国内,近机位,J6,J6,3|D|Y|Z,CZ|MF|NS|OQ,312|313|319|320|321|32B|32V|732|733|734|735|736|738|739|73G|73H|73W|752|762|763|AB6,,,
西边近机位,203,国内,近机位,J6,J6,3|D|Y|Z,CZ|MF|NS|OQ,312|313|319|320|321|32B|32V|332|333|342|343|732|733|734|735|736|738|739|73G|73H|73W|752|762|763|772|788|789|AB6|D10|M11,,,
西边近机位,204,国内,近机位,J6,J6,3|D|Y|Z,CZ|MF|NS|OQ,312|313|319|320|321|32B|32V|332|333|342|343|732|733|734|735|736|738|739|73G|73H|73W|752|762|763|772|788|789|AB6|D10|M11,,,
西边近机位,205,国内,近机位,J6,J6,3|D|Y|Z,CZ|MF|NS|OQ,312|313|319|320|321|32B|32V|332|333|342|343|732|733|734|735|736|738|739|73G|73H|73W|752|762|763|772|788|789|AB6|D10|M11,,,
西边近机位,206,国内,近机位,J6,J6,3|D|Y|Z,CZ|MF|NS|OQ,312|313|319|320|321|32B|32V|332|333|342|343|345|346|732|733|734|735|736|738|739|73G|73H|73W|741|742|743|744|752|762|763|772|773|AB6|D10|M11,,,
西边近机位,207,国内,近机位,J7,J7,3|D|Y|Z,CZ|MF|NS|OQ,312|313|319|320|321|32B|32V|332|333|342|343|345|346|732|733|734|735|736|738|739|73G|73H|73W|741|742|743|744|752|762|763|772|773|788|AB6|D10|M11,,,
西边近机位,208,国内,近机位,J7,J7,3|D|Y|Z,CZ|MF|NS|OQ,312|313|319|320|321|32B|32V|732|733|734|735|736|738|73G|73H|73W|752|762|763|AB6,,,
西边近机位,209,国内,近机位,J7,J7,3|D|Y|Z,CZ|MF|NS|OQ,312|313|319|320|321|32B|32V|732|733|734|735|736|738|739|73G|73H|73W|752|762|763|76W|AB6,,,
西边近机位,210,国内,近机位,J7,J7,3|D|Y|Z,CZ|MF|NS|OQ,312|313|319|320|321|32B|32V|732|733|734|735|736|738|739|73G|73H|73W|752|762|763|AB6,,,
西边近机位,211,国内,近机位,J7,J7,3|D|Y|Z,CZ|MF|NS|OQ,312|313|319|320|321|32B|32V|732|733|734|735|736|738|739|73G|73H|73W|752|762|763|76W|AB6,,,
西边近机位,212,国内,近机位,J7,J7,3|D|Y|Z,CZ|MF|NS|OQ,312|313|319|320|321|32B|32V|732|733|734|735|736|738|739|73G|73H|73W|752|762|763|AB6,,,
西边近机位,213,国内,近机位,J7,J7,3|D|Y|Z,CZ|MF|NS|OQ,312|313|319|320|321|32B|32V|732|733|734|735|736|738|739|73G|73H|73W|752|762|763|AB6,,,
西边近机位,214,国内,近机位,J8,J8,3|D|Y|Z,CZ|MF|NS|OQ,319|320|32V|732|733|734|735|736|738|73G|73H|73W,,,
西边近机位,215,国内,近机位,J8,J8,3|D|Y|Z,CZ|MF|NS|OQ,312|313|319|320|321|32B|32V|732|733|734|735|736|738|739|73G|73H|73W|752|762|763|76W|AB6,,,
西边近机位,216,国内,近机位,J8,J8,3|D|Y|Z,CZ|MF|NS|OQ,312|313|319|320|321|32B|32V|732|733|734|735|736|738|739|73G|73H|73W|752|762|763|AB6,,,
西边近机位,217,国内,近机位,J8,J8,3|D|Y|Z,CZ|MF|NS|OQ,312|313|319|320|321|32B|32V|732|733|734|735|736|738|739|73G|73H|73W|752|762|763|AB6,,,
西边近机位,218,国内,近机位,J8,J8,3|D|Y|Z,CZ|MF|NS|OQ,312|313|319|320|321|32B|32V|332|333|342|343|345|346|732|733|734|735|736|738|739|73G|73H|73W|741|742|743|744|752|762|763|772|773|788|789|AB6|D10|M11,,,
西边近机位,219,国内,近机位,J9,J9,3|D|Y|Z,CZ|MF|NS|OQ,312|313|319|320|321|32B|32V|732|733|734|735|736|738|739|73G|73H|73W|752|762|763|AB6,,,
西边近机位,220,国内,近机位,J9,J9,3|D|Y|Z,CZ|MF|NS|OQ,312|313|319|320|321|32B|32V|332|333|342|343|732|733|734|735|736|738|739|73G|73H|73W|741|742|743|744|752|762|763|772|788|789|AB6|D10|M11,,,
西边近机位,221,国内,近机位,J9,J9,3|D|Y|Z,CZ|MF|NS|OQ,312|313|319|320|321|32B|32V|332|333|342|343|732|733|734|735|736|738|739|73G|73H|73W|752|762|763|772|788|789|AB6|D10|M11,,,
西边近机位,222,国内,近机位,J9,J9,3|D|Y|Z,CZ|MF|NS|OQ,312|313|319|320|321|32B|32V|332|333|342|343|732|733|734|735|736|738|739|73G|73H|73W|752|762|763|772|788|789|AB6|D10|M11,,,
西边近机位,223,国内,近机位,J9,J9,3|D|Y|Z,CZ|MF|NS|OQ,312|313|319|320|321|32B|32V|732|733|734|735|736|738|739|73G|73H|73W|752|762|763|AB6,,,
西边近机位,224,国内,近机位,J10,J10,3|D|Y|Z,3U|AQ|EU|FM|GS|HU|JD|KN|MU|PN,732|733|734|735|736|738|73G|E90,,,
西边近机位,225,国内,近机位,J10,J10,3|D|Y|Z,3U|AQ|EU|FM|GS|HU|JD|KN|MU|PN,732|733|734|735|736|738|73G|73H|73W,,,
西边近机位,226,国内,近机位,J10,J10,3|D|Y|Z,3U|AQ|EU|FM|GS|HU|JD|KN|MU|PN,732|733|734|735|736|738|73G|73H|73W|E90,,,
西边近机位,227,国内,近机位,J10,J10,3|D|Y|Z,3U|AQ|EU|FM|GS|HU|JD|KN|MU|PN,319|320|32V|732|733|734|735|736|738|73G|73H|73W|E90,,,
西边近机位,228,国内,近机位,J10,J10,3|D|Y|Z,3U|AQ|EU|FM|GS|HU|JD|KN|MU|PN,312|313|319|320|321|32B|32V|752|762|763|AB6,,,
西边近机位,229,国内,近机位,J10,J10,3|D|Y|Z,3U|AQ|EU|FM|GS|HU|JD|KN|MU|PN,312|320|321|32B|32V|332|333|342|343|346|741|742|743|744|752|762|763|772|773|788|789|AB6|D10|M11,,,
西边近机位,230,国内,近机位,,,3|D|Y|Z,3U|AQ|EU|FM|GS|HU|JD|KN|MU|PN,312|313|319|320|321|32B|32V|752|762|763|AB6,,,
西边近机位,231,国内,近机位,J11,J11,3|D|Y|Z,3U|AQ|EU|FM|GS|HU|JD|KN|MU|PN,312|320|321|32B|32V|332|333|342|343|346|741|742|743|744|752|762|763|772|773|788|789|AB6|D10|M11,,,
西边近机位,232,国内,近机位,J11,J11,3|D|Y|Z,3U|AQ|EU|FM|GS|HU|JD|KN|MU|PN,312|319|320|321|32B|32V|732|733|734|735|736|738|739|73G|73H|73W|752|E90,,,
西边近机位,233,国内,近机位,J11,J11,3|D|Y|Z,3U|AQ|EU|FM|GS|HU|JD|KN|MU|PN,312|319|320|321|32B|32V|732|733|734|735|736|738|739|73G|73H|73W|752|762|763|AB6|E90,,,
西边近机位,234,国内,近机位,J11,J11,3|D|Y|Z,3U|AQ|EU|FM|GS|HU|JD|KN|MU|PN,312|319|320|321|32B|32V|732|733|734|735|736|738|739|73G|73H|73W|752|762|763|AB6|E90,,,
西边近机位,235,国内,近机位,J11,J11,3|D|Y|Z,3U|AQ|EU|FM|GS|HU|JD|KN|MU|PN,319|320|732|733|734|735|736|738|73G|E90,,,
西边远机位,236,国内,远机位,J11,J11,2|3|D|Y|Z,3U|AQ|EU|FM|GS|HU|JD|KN|MU|PN,319|320|732|733|734|735|736|738|73G|E90|G45|G55,,,
西边远机位,237,国内,远机位,J11,J11,2|3|D|Y|Z,3U|AQ|EU|FM|GS|HU|JD|KN|MU|PN,319|320|32V|732|733|734|735|736|738|73G|73H|73W|E90|G45|G55,,,
西边远机位,238,国内,远机位,J11,J11,2|3|D|Y|Z,3U|AQ|EU|FM|GS|HU|JD|KN|MU|PN,319|320|732|733|734|735|736|738|73G|E90|G45|G55,,,
西边远机位,239,国内,远机位,J11,J11,2|3|D|Y|Z,3U|AQ|EU|FM|GS|HU|JD|KN|MU|PN,319|320|732|733|734|735|736|738|73G|E90|G45|G55,,,
西边远机位,240,国内,远机位,,,2|3|D|Y|Z,3U|AQ|EU|FM|GS|HU|JD|KN|MU|PN,312|319|320|321|32B|32V|332|333|342|343|345|346|732|733|734|735|736|738|739|73G|73H|73W|741|742|743|744|752|762|763|772|773|788|789|AB6|D10|M11|M82|M90,,,
西边远机位,256,国内,远机位,J16,J16,2|3|4|D|Y|Z|5|O,3U|AQ|CZ|EU|FM|GS|HU|JD|KN|MF|MU|NS|OQ|PN,319|320|321|733|734|735|736|738|739|73G|E90,,,
西边远机位,257,国内,远机位,J16,J16,2|3|4|D|Y|Z|5|O,3U|AQ|CZ|EU|FM|GS|HU|JD|KN|MF|MU|NS|OQ|PN,319|320|321|32V|733|734|735|736|738|739|73G|73H|73W|E90,,,
西边远机位,258,国内,远机位,J16,J16,2|3|4|D|Y|Z|5|O,3U|AQ|CZ|EU|FM|GS|HU|JD|KN|MF|MU|NS|OQ|PN,319|320|321|733|734|735|736|738|739|73G|E90,,,
西边远机位,259,国内,远机位,J16,J16,2|3|4|D|Y|Z|5|O,3U|AQ|CZ|EU|FM|GS|HU|JD|KN|MF|MU|NS|OQ|PN,319|320|321|733|734|735|736|738|739|73G|E90,,,
西边远机位,261,国内,远机位,J16,J16,2|3|4|D|Y|Z|5|O,3U|AQ|CZ|EU|FM|GS|HU|JD|KN|MF|MU|NS|OQ|PN,605|850|CCJ|CR2|CR7|CR9|ER3|ER4|ERD|G15|G20|G25|G35|G45|GIV|LJ4|LJ6,,,
西边远机位,263,国内,远机位,J16,J16,2|3|4|D|Y|Z|5|O,3U|AQ|CZ|EU|FM|GS|HU|JD|KN|MF|MU|NS|OQ|PN,319|320|321|32V|733|734|735|736|738|739|73G|73H|73W|E90,,,
西边远机位,264,国内,远机位,J17,J17,2|3|4|D|Y|Z|5|O,3U|AQ|CZ|EU|FM|GS|HU|JD|KN|MF|MU|NS|OQ|PN,319|320|321|733|734|735|736|738|739|73G|E90,,,
西边远机位,266,国内,远机位,J17,J17,2|3|4|D|Y|Z|5|O,3U|AQ|CZ|EU|FM|GS|HU|JD|KN|MF|MU|NS|OQ|PN,605|850|CCJ|CR2|CR7|CR9|ER3|ER4|ERD|G15|G20|G25|G35|G45|GIV|LJ4|LJ6,,,
西边远机位,267,国内,远机位,J17,J17,2|3|4|D|Y|Z|5|O,3U|AQ|CZ|EU|FM|GS|HU|JD|KN|MF|MU|NS|OQ|PN,319|320|321|733|734|735|736|738|739|73G|E90,,,
西边远机位,268,国内,远机位,J17,J17,2|3|4|D|Y|Z|5|O,3U|AQ|CZ|EU|FM|GS|HU|JD|KN|MF|MU|NS|OQ|PN,319|320|321|32V|733|734|735|736|738|739|73G|73H|73W|E90,,,
西边远机位,269,国内,远机位,J17,J17,2|3|4|D|Y|Z|5|O,3U|AQ|CZ|EU|FM|GS|HU|JD|KN|MF|MU|NS|OQ|PN,319|320|321|733|734|735|736|738|739|73G|E90,,,
西边远机位,270,国内,远机位,J17,J17,2|3|4|D|Y|Z|5|O,3U|AQ|CZ|EU|FM|GS|HU|JD|KN|MF|MU|NS|OQ|PN,319|320|321|733|734|735|736|738|739|73G|E90,,,
西边远机位,271,国内,远机位,J21,J21,2|3|4|D|Y|Z|5|O,3U|AQ|CZ|EU|FM|GS|HU|JD|KN|MF|MU|NS|OQ|PN,733|734|735|901|E90|F70|G55|G65,,,
西边远机位,272,国内,远机位,J21,J21,2|3|4|D|Y|Z|5|O,3U|AQ|CZ|EU|FM|GS|HU|JD|KN|MF|MU|NS|OQ|PN,319|320|321|733|734|735|736|738|739|73G|E90,,,
西边远机位,273,国内,远机位,J21,J21,2|3|4|D|Y|Z|5|O,3U|AQ|CZ|EU|FM|GS|HU|JD|KN|MF|MU|NS|OQ|PN,319|320|321|733|734|735|736|738|739|73G|E90,,,
西边远机位,274,国内,远机位,J21,J21,2|3|4|D|Y|Z|5|O,3U|AQ|CZ|EU|FM|GS|HU|JD|KN|MF|MU|NS|OQ|PN,319|320|321|733|734|735|736|738|739|73G|E90,,,
西边远机位,275,国内,远机位,J21,J21,2|3|4|D|Y|Z|5|O,3U|AQ|CZ|EU|FM|GS|HU|JD|KN|MF|MU|NS|OQ|PN,319|320|321|733|734|735|736|738|739|73G|E90,,,
西边远机位,276,国内,远机位,J21,J21,2|3|4|D|Y|Z|5|O,3U|AQ|CZ|EU|FM|GS|HU|JD|KN|MF|MU|NS|OQ|PN,319|320|321|733|734|735|736|738|739|73G|E90,,,
西边远机位,277,国内,远机位,J21,J21,2|3|4|D|Y|Z|5|O,3U|AQ|CZ|EU|FM|GS|HU|JD|KN|MF|MU|NS|OQ|PN,319|320|321|733|734|735|736|738|739|73G|E90,,,
西边远机位,278,国内,远机位,J21,J21,2|3|4|D|Y|Z|5|O,3U|AQ|CZ|EU|FM|GS|HU|JD|KN|MF|MU|NS|OQ|PN,319|320|321|733|734|735|736|738|739|73G|E90,,,
东边远机位,301,国际、国内,远机位,L3,L3,2|3|D|M|Y|Z,2P|3K|3U|5J|7P|8M|AE|AF|AI|AK|AY|B7|BR|CI|CZ|EK|ET|FD|GA|GE|H8|HU|IA|IW|IY|JL|JT|K6|KA|KE|KQ|LH|MH|MK|MS|NH|NN|NW|O8|OX|OZ|PR|QR|QV|RJ|SG|SJ|SL|SQ|SU|SV|TG|TK|TR|TW|U6|UB|UL|UM|VN|ZB|MU,312|313|319|320|321|32B|32V|732|733|734|735|736|738|739|73G|73H|73W|752|762|763|AB6|CR2|E90|ER4|F70|M82|M90,,,
东边远机位,302,国际、国内,远机位,L3,L3,2|3|D|M|Y|Z,2P|3K|3U|5J|7P|8M|AE|AF|AI|AK|AY|B7|BR|CI|CZ|EK|ET|FD|GA|GE|H8|HU|IA|IW|IY|JL|JT|K6|KA|KE|KQ|LH|MH|MK|MS|NH|NN|NW|O8|OX|OZ|PR|QR|QV|RJ|SG|SJ|SL|SQ|SU|SV|TG|TK|TR|TW|U6|UB|UL|UM|VN|ZB|MU,312|313|319|320|321|32B|32V|732|733|734|735|736|738|739|73G|73H|73W|752|762|763|76W|AB6|CR2|E90|ER4|F70|M82|M90,,,
东边远机位,303,国际、国内,远机位,L3,L3,2|3|D|M|Y|Z,2P|3K|3U|5J|7P|8M|AE|AF|AI|AK|AY|B7|BR|CI|CZ|EK|ET|FD|GA|GE|H8|HU|IA|IW|IY|JL|JT|K6|KA|KE|KQ|LH|MH|MK|MS|NH|NN|NW|O8|OX|OZ|PR|QR|QV|RJ|SG|SJ|SL|SQ|SU|SV|TG|TK|TR|TW|U6|UB|UL|UM|VN|ZB|MU,312|313|319|320|321|32B|32V|732|733|734|735|736|738|739|73G|73H|73W|752|762|763|AB6|CR2|E90|ER4|F70|M82|M90,,,
东边远机位,304,国际、国内,远机位,L3,L3,2|3|D|M|Y|Z,2P|3K|3U|5J|7P|8M|AE|AF|AI|AK|AY|B7|BR|CI|CZ|EK|ET|FD|GA|GE|H8|HU|IA|IW|IY|JL|JT|K6|KA|KE|KQ|LH|MH|MK|MS|NH|NN|NW|O8|OX|OZ|PR|QR|QV|RJ|SG|SJ|SL|SQ|SU|SV|TG|TK|TR|TW|U6|UB|UL|UM|VN|ZB|MU,312|313|319|320|321|32B|32V|732|733|734|735|736|738|739|73G|73H|73W|752|762|763|76W|AB6|CR2|E90|ER4|F70|M82|M90,,,
东边远机位,305,国际、国内,远机位,L3,L3,2|3|D|M|Y|Z,2P|3K|3U|5J|7P|8M|AE|AF|AI|AK|AY|B7|BR|CI|CZ|EK|ET|FD|GA|GE|H8|HU|IA|IW|IY|JL|JT|K6|KA|KE|KQ|LH|MH|MK|MS|NH|NN|NW|O8|OX|OZ|PR|QR|QV|RJ|SG|SJ|SL|SQ|SU|SV|TG|TK|TR|TW|U6|UB|UL|UM|VN|ZB|MU,312|313|319|320|321|32B|32V|732|733|734|735|736|738|739|73G|73H|73W|752|AB6|CR2|E90|ER4|F70|M82|M90,,,
东边远机位,306,国际、国内,远机位,L3,L3,2|3|D|M|Y|Z,2P|3K|3U|5J|7P|8M|AE|AF|AI|AK|AY|B7|BR|CI|CZ|EK|ET|FD|GA|GE|H8|HU|IA|IW|IY|JL|JT|K6|KA|KE|KQ|LH|MH|MK|MS|NH|NN|NW|O8|OX|OZ|PR|QR|QV|RJ|SG|SJ|SL|SQ|SU|SV|TG|TK|TR|TW|U6|UB|UL|UM|VN|ZB|MU,312|313|319|320|321|32B|32V|332|333|342|343|345|346|732|733|734|735|736|738|739|73G|73H|73W|741|742|743|744|752|762|763|772|773|788|789|AB6|D10|E90|M11|M82|M90,,,
东边远机位,307,国际、国内,远机位,L3,L3,2|3|D|M|Y|Z,2P|3K|3U|5J|7P|8M|AE|AF|AI|AK|AY|B7|BR|CI|CZ|EK|ET|FD|GA|GE|H8|HU|IA|IW|IY|JL|JT|K6|KA|KE|KQ|LH|MH|MK|MS|NH|NN|NW|O8|OX|OZ|PR|QR|QV|RJ|SG|SJ|SL|SQ|SU|SV|TG|TK|TR|TW|U6|UB|UL|UM|VN|ZB|MU,312|313|319|320|321|32B|32V|332|333|342|343|345|346|732|733|734|735|736|738|739|73G|73H|73W|741|742|743|744|752|762|763|772|773|788|789|AB6|D10|E90|M11|M82|M90,,,
东边远机位,308,国际、国内,远机位,L3,L3,2|3|D|M|Y|Z,2P|3K|3U|5J|7P|8M|AE|AF|AI|AK|AY|B7|BR|CI|CZ|EK|ET|FD|GA|GE|H8|HU|IA|IW|IY|JL|JT|K6|KA|KE|KQ|LH|MH|MK|MS|NH|NN|NW|O8|OX|OZ|PR|QR|QV|RJ|SG|SJ|SL|SQ|SU|SV|TG|TK|TR|TW|U6|UB|UL|UM|VN|ZB|MU,312|313|319|320|321|32B|32V|332|333|342|343|345|346|732|733|734|735|736|738|739|73G|73H|73W|741|742|743|744|752|762|763|772|773|788|789|AB6|D10|E90|M11|M82|M90,,,
东边远机位,309,国内,远机位,L18,L18,2|3|4|D|Y|Z,9C|BK|CA|GJ|HO|KY|SC|ZH,319|733|735|736|73G|CCX|CR2|ER4|F70|FA7|G55|G65,,,
东边远机位,310,国内,远机位,L18,L18,2|3|4|D|Y|Z,9C|BK|CA|GJ|HO|KY|SC|ZH,319|320|321|733|734|735|736|738|739|73G|CCX|CR2|E70|E90|ER4|F70|FA7|G55|G65,,,
东边远机位,311,国内,远机位,L18,L18,2|3|4|D|Y|Z,9C|BK|CA|GJ|HO|KY|SC|ZH,319|320|321|733|734|735|736|738|73G|CCX|CR2|E70|E90|ER4|F70|FA7|G55|G65,,,
东边远机位,312,国内,远机位,L18,L18,2|3|4|D|Y|Z,9C|BK|CA|GJ|HO|KY|SC|ZH,319|320|321|733|734|735|736|738|739|73G|CCX|CR2|E70|E90|ER4|F70|FA7|G55|G65,,,
东边远机位,313,国内,远机位,L18,L18,2|3|4|D|Y|Z,9C|BK|CA|GJ|HO|KY|SC|ZH,319|320|321|733|734|735|736|738|739|73G|CCX|CR2|E70|E90|ER4|F70|FA7|G55|G65,,,
西区公务机坪,401,国际、国内,远机位,J6,J6,2|3|C|D|E|M|Y|Z|5|O,CZ|MF|NS|OQ,312|313|319|320|321|32B|32V|332|333|343|345|346|732|733|734|735|736|738|739|73G|73H|73W|741|742|743|744|752|762|763|772|773|788|789|AB6|D10|IL9|ILW|M11|T20|TU5,,,
西区公务机坪,402,国际、国内,远机位,J6,J6,2|3|C|D|E|M|Y|Z|5|O,CZ|MF|NS|OQ,312|313|319|320|321|32B|32V|332|333|343|345|346|732|733|734|735|736|738|739|73G|73H|73W|741|742|743|744|752|762|763|772|773|788|789|AB6|D10|IL9|ILW|M11|T20|TU5,,,
西区公务机坪,403,国际、国内,远机位,J6,J6,2|3|C|D|E|M|Y|Z|5|O,CZ|MF|NS|OQ,100|312|313|319|320|321|32B|32V|605|732|733|734|735|736|738|73G|73H|73W|752|753|762|763|76W|850|901|AB6|CCJ|CCX|D10|E90|ER3|ER4|ERD|F70|G15|G20|G25|G35|G45|G55|G65|LJ4|LJ6|M11|T20|TU5,,,
西区公务机坪,404,国际、国内,远机位,J6,J5,2|3|D|F|M|P|V|Y|Z|5|O,CZ|MF|NS|OQ,100|319|320|321|32B|32V|605|732|733|734|735|736|738|739|73G|73H|73W|850|901|ARJ|CCJ|CCX|CR2|CR7|CR9|E90|ER3|ER4|ERD|F70|G15|G20|G25|G35|G45|G55|G65|GIV|LJ4|LJ6,,,
西区公务机坪,405,国际、国内,远机位,J6,J5,2|3|D|F|M|P|V|Y|Z|5|O,CZ|MF|NS|OQ,100|319|320|321|605|732|733|734|735|736|738|739|73G|850|901|ARJ|CCJ|CCX|CR2|CR7|CR9|E90|ER3|ER4|ERD|F70|G15|G20|G25|G35|G45|G55|G65|GIV|LJ4|LJ6,,,
西区公务机坪,406,国际、国内,远机位,J6,J5,2|3|D|F|M|P|V|Y|Z|5|O,CZ|MF|NS|OQ,100|319|320|321|605|732|733|734|735|736|738|739|73G|850|901|ARJ|CCJ|CCX|CR2|CR7|CR9|E90|ER3|ER4|ERD|F70|G15|G20|G25|G35|G45|G55|G65|GIV|LJ4|LJ6,,,
西区公务机坪,407,国际、国内,远机位,J6,J5,2|3|D|F|M|P|V|Y|Z|5|O,CZ|MF|NS|OQ,100|319|320|32V|605|732|733|734|735|736|738|73G|73H|73W|850|901|ARJ|CCJ|CCX|CR2|CR7|CR9|E90|ER3|ER4|ERD|F70|G15|G20|G25|G35|G45|G55|G65|GIV|LJ4|LJ6,,,
西区公务机坪,408,国际、国内,远机位,J6,J5,2|3|D|F|M|P|V|Y|Z|5|O,CZ|MF|NS|OQ,100|319|320|32V|605|732|733|734|735|736|738|73G|73H|73W|850|901|ARJ|CCJ|CCX|CR2|CR7|CR9|E90|ER3|ER4|ERD|F70|G15|G20|G25|G35|G45|G55|G65|GIV|LJ4|LJ6,,,
西区公务机坪,409,国际、国内,远机位,J6,J5,2|3|D|F|M|P|V|Y|Z|5|O,CZ|MF|NS|OQ,100|319|320|32V|605|732|733|734|735|736|738|73G|73H|73W|850|901|ARJ|CCJ|CCX|CR2|CR7|CR9|E90|ER3|ER4|ERD|F70|G15|G20|G25|G35|G45|G55|G65|GIV|LJ4|LJ6,,,
西区公务机坪,410,国际、国内,远机位,J6,J5,2|3|D|F|M|P|V|Y|Z|5|O,CZ|MF|NS|OQ,100|319|320|605|732|733|734|735|736|738|73G|850|901|ARJ|CCJ|CCX|CR2|CR7|CR9|E90|ER3|ER4|ERD|F70|G15|G20|G25|G35|G45|G55|G65|GIV|LJ4|LJ6,,,
西区父子公务机坪,411,国内,远机位,J3,J5,2|3|D|F|M|P|V|Y|Z|5|O,YT|ZZ,605|850|CCJ|CR2|ER3|ER4|ERD|G15|G20|G25|G35|G45|GIV|H80|LJ4|LJ6|S76,,,
西区父子公务机坪,412,国内,远机位,J3,J5,2|3|D|F|M|P|V|Y|Z|5|O,YT|ZZ,605|850|CCJ|CR2|ER3|ER4|ERD|G15|G20|G25|G35|G45|GIV|H80|LJ4|LJ6|S76,,,
西区父子公务机坪,413,国内,远机位,J3,J5,2|3|D|F|M|P|V|Y|Z|5|O,YT|ZZ,605|850|CCJ|CR2|ER3|ER4|ERD|G15|G20|G25|G35|G45|GIV|H80|LJ4|LJ6,413A,,
西区父子公务机坪,413A,,远机位,J3,J5,,,319|320|732|733|734|735|736|738|73G|73H|73W|E90,413|414,415|416|416A|417|418|419|419A|420|421|422|423|424|425|426|427|428|429,
西区父子公务机坪,414,国内,远机位,J3,J5,2|3|D|F|M|P|V|Y|Z|5|O,YT|ZZ,605|850|CCJ|CR2|ER3|ER4|ERD|G15|G20|G25|G35|G45|GIV|H80|LJ4|LJ6,413A,,
西区父子公务机坪,415,国内,远机位,J3,J5,2|3|D|F|M|P|V|Y|Z|5|O,YT|ZZ,605|850|CCJ|CR2|ER3|ER4|ERD|G15|G20|G25|G35|G45|GIV|H80|LJ4|LJ6,,,
西区父子公务机坪,416,国内,远机位,J3,J5,2|3|D|F|M|P|V|Y|Z|5|O,YT|ZZ,605|850|CCJ|CR2|ER3|ER4|ERD|G15|G20|G25|G35|G45|GIV|H80|LJ4|LJ6,416A,,
西区父子公务机坪,416A,,远机位,J3,J5,,,319|320|732|733|734|735|736|738|73G|73H|73W|E90,416|417,418|419|419A|420|421|422|423|424|425|426|427|428|429,
西区父子公务机坪,417,国内,远机位,J3,J5,2|3|D|F|M|P|V|Y|Z|5|O,YT|ZZ,605|850|CCJ|CR2|ER3|ER4|ERD|G15|G20|G25|G35|G45|GIV|H80|LJ4|LJ6,416A,,
西区父子公务机坪,418,国内,远机位,J3,J5,2|3|D|F|M|P|V|Y|Z|5|O,YT|ZZ,605|850|CCJ|CR2|ER3|ER4|ERD|G15|G20|G25|G35|G45|GIV|H80|LJ4|LJ6,419A,,
西区父子公务机坪,419A,,远机位,J3,J5,,,319|320|732|733|734|735|736|738|73G|73H|73W|E90,418|419,420|421|422|423|424|425|426|427|428|429,
西区父子公务机坪,419,国内,远机位,J3,J5,2|3|D|F|M|P|V|Y|Z|5|O,YT|ZZ,605|850|CCJ|CR2|ER3|ER4|ERD|G15|G20|G25|G35|G45|GIV|H80|LJ4|LJ6,419A,,
西区父子公务机坪,420,国内,远机位,J3,J5,2|3|D|F|M|P|V|Y|Z|5|O,CZ|MF|NS|OQ,100|319|320|321|605|732|733|734|735|736|738|739|73G|850|901|CCJ|CCX|CR2|CR7|CR9|E90|ER3|ER4|ERD|F70|G15|G20|G25|G35|G45|G55|G65|LJ4|LJ6,,,
西区父子公务机坪,421,国内,远机位,J3,J5,2|3|D|F|M|P|V|Y|Z|5|O,CZ|MF|NS|OQ,100|319|320|321|32B|32V|605|732|733|734|735|736|738|739|73G|73H|73W|850|901|CCJ|CCX|CR2|CR7|CR9|E90|ER3|ER4|ERD|F70|G15|G20|G25|G35|G45|G55|G65|LJ4|LJ6,,,
西区父子公务机坪,422,国内,远机位,J3,J5,2|3|D|F|M|P|V|Y|Z|5|O,CZ|MF|NS|OQ,100|319|320|321|605|732|733|734|735|736|738|739|73G|850|901|CCJ|CCX|CR2|CR7|CR9|E90|ER3|ER4|ERD|F70|G15|G20|G25|G35|G45|G55|G65|LJ4|LJ6,,,
西区父子公务机坪,423,国内,远机位,J3,J5,2|3|D|F|M|P|V|Y|Z|5|O,YT|ZZ,605|850|CCJ|CR2|ER3|ER4|ERD|G15|G20|G25|G35|G45|GIV|H80|LJ4|LJ6,,,
西区公务机坪,424,国内,远机位,J3,J5,2|3|D|F|M|P|V|Y|Z|5|O,YT|ZZ,605|850|CCJ|CR2|CR7|CR9|ER3|ER4|ERD|G15|G20|G25|G35|G45|GIV|H80|LJ4|LJ6,,,
西区公务机坪,425,国内,远机位,J3,J5,2|3|D|F|M|P|V|Y|Z|5|O,YT|ZZ,605|850|CCJ|CR2|CR7|CR9|ER3|ER4|ERD|G15|G20|G25|G35|G45|GIV|H80|LJ4|LJ6,,,
西区公务机坪,426,国内,远机位,J3,J5,2|3|D|F|M|P|V|Y|Z|5|O,YT|ZZ,605|850|CCJ|CR2|CR7|CR9|ER3|ER4|ERD|G15|G20|G25|G35|G45|GIV|H80|LJ4|LJ6,,,
西区公务机坪,427,国内,远机位,J3,J5,2|3|D|F|M|P|V|Y|Z|5|O,YT|ZZ,605|850|CCJ|CR2|CR7|CR9|ER3|ER4|ERD|G15|G20|G25|G35|G45|GIV|H80|LJ4|LJ6,,,
西区公务机坪,428,国内,远机位,J3,J5,2|3|D|F|M|P|V|Y|Z|5|O,YT|ZZ,605|850|CCJ|CR2|CR7|CR9|ER3|ER4|ERD|G15|G20|G25|G35|G45|GIV|H80|LJ4|LJ6,,,
西区公务机坪,429,国内,远机位,J3,J5,2|3|D|F|M|P|V|Y|Z|5|O,YT|ZZ,605|850|CCJ|CR2|CR7|CR9|ER3|ER4|ERD|G15|G20|G25|G35|G45|GIV|H80|LJ4|LJ6,,,
西边普通远机位,430,国内,远机位,J16,J16,2|3|4|D|Y|Z|5|O,3U|AQ|CZ|EU|FM|GS|HU|JD|KN|MF|MU|NS|OQ|PN,605|850|CCJ|CR2|CR7|CR9|ER3|ER4|ERD|G15|G20|G25|G35|G45|GIV|LJ4|LJ6,,,
西边普通远机位,431,国内,远机位,J16,J16,2|3|4|D|Y|Z|5|O,3U|AQ|CZ|EU|FM|GS|HU|JD|KN|MF|MU|NS|OQ|PN,605|850|CCJ|CR2|CR7|CR9|ER3|ER4|ERD|G15|G20|G25|G35|G45|GIV|LJ4|LJ6,,,
西边普通远机位,432,国内,远机位,J22,J22,2|3|4|D|Y|Z|5|O,3U|AQ|CZ|EU|FM|GS|HU|JD|KN|MF|MU|NS|OQ|PN,319|320|733|734|735|736|738|73G|CCX|CR2|E90|ER4|F70|FA7|G55|G65,,,
西边普通远机位,433,国内,远机位,J22,J22,2|3|4|D|Y|Z|5|O,3U|AQ|CZ|EU|FM|GS|HU|JD|KN|MF|MU|NS|OQ|PN,319|320|321|733|734|735|736|738|739|73G|CCX|CR2|E90|ER4|F70|FA7|G55|G65,,,
西边普通远机位,434,国内,远机位,J22,J22,2|3|4|D|Y|Z|5|O,3U|AQ|CZ|EU|FM|GS|HU|JD|KN|MF|MU|NS|OQ|PN,319|320|321|733|734|735|736|738|739|73G|CCX|CR2|E90|ER4|F70|FA7|G55|G65,,,
西边普通远机位,435,国内,远机位,J22,J22,2|3|4|D|Y|Z|5|O,3U|AQ|CZ|EU|FM|GS|HU|JD|KN|MF|MU|NS|OQ|PN,319|320|321|733|734|735|736|738|739|73G|CCX|CR2|E90|ER4|F70|FA7|G55|G65,,,
西边普通远机位,436,国内,远机位,J22,J22,2|3|4|D|Y|Z|5|O,3U|AQ|CZ|EU|FM|GS|HU|JD|KN|MF|MU|NS|OQ|PN,319|320|321|733|734|735|736|738|739|73G|CCX|CR2|E90|ER4|F70|FA7|G55|G65,,,
西边普通远机位,437,国内,远机位,J22,J22,2|3|4|D|Y|Z|5|O,3U|AQ|CZ|EU|FM|GS|HU|JD|KN|MF|MU|NS|OQ|PN,319|320|321|733|734|735|736|738|739|73G|CCX|CR2|E90|ER4|F70|FA7|G55|G65,,,
联邦快递专用机坪,FX01,国际、国内,远机位,Q15,Q15,I|J,FX,31X|31Y|75F|76X|76Y|ABY|D1F|M1F,,,
联邦快递专用机坪,FX02,国际、国内,远机位,Q15,Q15,I|J,FX,31X|31Y|75F|76X|76Y|ABY|D1F|M1F,,,
联邦快递专用机坪,FX03,国际、国内,远机位,Q15,Q15,I|J,FX,31X|31Y|75F|76X|76Y|ABY|D1F|M1F,,,
联邦快递专用机坪,FX04,国际、国内,远机位,Q15,Q15,I|J,FX,31X|31Y|75F|76X|76Y|ABY|D1F|M1F,,,
联邦快递专用机坪,FX05,国际、国内,远机位,Q15,Q15,I|J,FX,31X|31Y|75F|76X|76Y|ABY|D1F|M1F,,,
联邦快递专用机坪,FX06,国际、国内,远机位,Q15,Q15,I|J,FX,31X|31Y|75F|76X|76Y|ABY|D1F|M1F,,,
联邦快递专用机坪,FX07,国际、国内,远机位,Q15,Q15,I|J,FX,31X|31Y|75F|76X|76Y|ABY|D1F|M1F,,,
联邦快递专用机坪,FX08,国际、国内,远机位,Q15,Q15,I|J,FX,31X|31Y|75F|76X|76Y|ABY|D1F|M1F,,,
联邦快递专用机坪,FX09,国际、国内,远机位,Q15,Q15,I|J,FX,31X|31Y|75F|76X|76Y|ABY|D1F|M1F,,,
联邦快递专用机坪,FX10,国际、国内,远机位,Q15,Q15,I|J,FX,31X|31Y|75F|76X|76Y|ABY|D1F|M1F,,,
联邦快递专用机坪,FX11,国际、国内,远机位,Q15,Q15,I|J,FX,31X|31Y|75F|76X|76Y|77F|ABY|D1F|M1F,,,
联邦快递专用机坪,FX12,国际、国内,远机位,Q15,Q15,I|J,FX,31X|31Y|75F|76X|76Y|ABY|D1F|M1F,,,
联邦快递专用机坪,FX13,国际、国内,远机位,Q15,Q15,I|J,FX,31X|31Y|75F|76X|76Y|77F|ABY|D1F|M1F,,,
联邦快递专用机坪,FX14,国际、国内,远机位,Q15,Q15,I|J,FX,31X|31Y|75F|76X|76Y|ABY|D1F|M1F,,,
联邦快递专用机坪,FX15,国际、国内,远机位,Q15,Q15,I|J,FX,31X|31Y|75F|76X|76Y|77F|ABY|D1F|M1F,,,
联邦快递专用机坪,FX16,国际、国内,远机位,Q15,Q15,I|J,FX,31X|31Y|75F|76X|76Y|ABY|D1F|M1F,,,
联邦快递专用机坪,FX17,国际、国内,远机位,Q15,Q15,I|J,FX,31X|31Y|75F|76X|76Y|77F|ABY|D1F|M1F,,,
联邦快递专用机坪,FX18,国际、国内,远机位,Q15,Q15,I|J,FX,31X|31Y|75F|76X|76Y|ABY|D1F|M1F,,,
联邦快递专用机坪,FX19,国际、国内,远机位,Q15,Q15,I|J,FX,31X|31Y|75F|76X|76Y|77F|ABY|D1F|M1F,,,
联邦快递专用机坪,FX20,国际、国内,远机位,Q15,Q15,I|J,FX,31X|31Y|75F|76X|76Y|ABY|D1F|M1F,,,
联邦快递专用机坪,FX21,国际、国内,远机位,Q15,Q15,I|J,FX,31X|31Y|75F|76X|76Y|772|77F|ABY|D1F|M1F,,,
联邦快递专用机坪,FX22,国际、国内,远机位,Q15,Q15,I|J,FX,31X|31Y|75F|76X|76Y|ABY|D1F|M1F,,,
联邦快递专用机坪,FX23,国际、国内,远机位,Q15,Q15,I|J,FX,31X|31Y|75F|76X|76Y|77F|ABY|D1F|M1F,,,
联邦快递专用机坪,FX24,国际、国内,远机位,Q15,Q15,I|J,FX,31X|31Y|75F|76X|76Y|ABY|D1F|M1F,,,
联邦快递专用机坪,FX26,国际、国内,远机位,Q15,Q15,I|J,FX,31X|31Y|75F|76X|76Y|77F|ABY|D1F|M1F,,,
联邦快递专用机坪,FX28,国际、国内,远机位,Q15,Q15,I|J,FX,31X|31Y|75F|76X|76Y|ABY|D1F|M1F,,,
普通远机位,GY01,国内,远机位,J12,J12,2|3|4|D|Y|Z,3U|AQ|EU|FM|GS|HU|JD|KN|MU|PN,319|320|321|732|733|736|738|739|73G|73H|73W|E90|ER4|G45|G55|G65,,,
普通远机位,GY02,国内,远机位,J12,J12,2|3|4|D|Y|Z,3U|AQ|EU|FM|GS|HU|JD|KN|MU|PN,319|320|321|32B|32V|732|733|736|738|739|73G|73H|73W|E90|ER4|G45|G55|G65,,,
普通远机位,GY03,国内,远机位,J12,J12,2|3|4|D|Y|Z,3U|AQ|EU|FM|GS|HU|JD|KN|MU|PN,319|320|321|32B|32V|732|733|736|738|739|73G|73H|73W|E90|ER4|G45|G55|G65,,,
普通远机位,GY04,国内,远机位,J12,J12,2|3|4|D|Y|Z,3U|AQ|EU|FM|GS|HU|JD|KN|MU|PN,319|320|321|32B|32V|732|733|736|738|739|73G|73H|73W|E90|ER4|G45|G55|G65,,,
普通远机位,GY05,国内,远机位,J12,J12,2|3|4|D|Y|Z,3U|AQ|EU|FM|GS|HU|JD|KN|MU|PN,319|320|321|32B|32V|732|733|736|738|739|73G|73H|73W|E90|ER4|G45|G55|G65,,,
普通远机位,GY06,国内,远机位,J12,J12,2|3|4|D|Y|Z,3U|AQ|EU|FM|GS|HU|JD|KN|MU|PN,319|320|321|732|733|736|738|739|73G|E90|ER4|G45|G55|G65,,,
普通远机位,GY07,国内,远机位,L10,L10,2|3|4|D|Y|Z,9C|BK|CA|GJ|HO|KY|SC|ZH,319|320|321|732|733|736|738|739|73G|E90|ER4|G45|G55|G65,,,
普通远机位,GY08,国内,远机位,L10,L10,2|3|4|D|Y|Z,9C|BK|CA|GJ|HO|KY|SC|ZH,319|320|321|32B|32V|732|733|736|738|739|73G|73H|73W|E90|ER4|G45|G55|G65,,,
普通远机位,GY09,国内,远机位,L10,L10,2|3|4|D|Y|Z,9C|BK|CA|GJ|HO|KY|SC|ZH,319|320|321|32B|32V|732|733|736|738|739|73G|73H|73W|E90|ER4|G45|G55|G65,,,
普通远机位,GY10,国内,远机位,L10,L10,2|3|4|D|Y|Z,9C|BK|CA|GJ|HO|KY|SC|ZH,319|320|321|32B|32V|732|733|736|738|739|73G|73H|73W|E90|ER4|G45|G55|G65,,,
普通远机位,GY11,国内,远机位,L10,L10,2|3|4|D|Y|Z,9C|BK|CA|GJ|HO|KY|SC|ZH,319|320|321|32B|32V|732|733|736|738|739|73G|73H|73W|E90|ER4|G45|G55|G65,,,
普通远机位,GY12,国内,远机位,L10,L10,2|3|4|D|Y|Z,9C|BK|CA|GJ|HO|KY|SC|ZH,319|320|321|732|733|736|738|739|73G|E90|ER4|G45|G55|G65,,,
超远机坪,501,国际、国内,远机位,E,E,I|J,5X|AQ|BK|BR|CF|CI|CK|CZ|EY|GJ|JL|KE|LH|O3|OZ|SV|Y8|CA|TK|NH|ET|QR|EK,100|312|313|319|31F|31X|31Y|320|321|332|333|33F|342|343|345|346|605|732|733|734|735|736|738|739|73G|73H|73M|73W|73X|73Y|741|742|743|744|74C|74D|74E|74J|74L|74R|74T|74U|74V|74X|74Y|752|75F|75M|762|763|76X|76Y|772|773|77F|788|789|850|901|AB6|ABY|CCJ|CCX|CR2|CR7|CR9|D10|D1C|D1F|D1M|D1X|D1Y|E90|ER3|ER4|ERD|F70|G15|G20|G25|G35|G45|G55|G65|GIV|I93|I9F|I9M|I9X|I9Y|ILW|M11|M1F|M1M|M82|M90|T20|TU5,501ZJ|501L,,
超远机坪,502,国际、国内,远机位,E,E,I|J,5X|AQ|BK|BR|CF|CI|CK|CZ|EY|GJ|JL|KE|LH|O3|OZ|SV|Y8|CA|TK|NH|ET|QR|EK,100|312|313|319|31F|31X|31Y|320|321|332|333|33F|342|343|345|346|605|732|733|734|735|736|738|739|73G|73H|73M|73W|73X|73Y|741|742|743|744|74C|74D|74E|74J|74L|74R|74T|74U|74V|74X|74Y|752|75F|75M|762|763|76X|76Y|772|773|77F|788|789|850|901|AB6|ABY|CCJ|CCX|CR2|CR7|CR9|D10|D1C|D1F|D1M|D1X|D1Y|E90|ER3|ER4|ERD|F70|G15|G20|G25|G35|G45|G55|G65|GIV|I93|I9F|I9M|I9X|I9Y|ILW|M11|M1F|M1M|M82|M90|T20|TU5,502YJ|502ZJ|502L|501L,,
超远机坪,503,国际、国内,远机位,E,E,I|J,5X|AQ|BK|BR|CF|CI|CK|CZ|EY|GJ|JL|KE|LH|O3|OZ|SV|Y8|CA|TK|NH|ET|QR|EK,100|312|313|319|31F|31X|31Y|320|321|332|333|33F|342|343|345|346|605|732|733|734|735|736|738|739|73G|73H|73M|73W|73X|73Y|741|742|743|744|74C|74D|74E|74J|74L|74R|74T|74U|74V|74X|74Y|752|75F|75M|762|763|76X|76Y|772|773|77F|788|789|850|901|AB6|ABY|CCJ|CCX|CR2|CR7|CR9|D10|D1C|D1F|D1M|D1X|D1Y|E90|ER3|ER4|ERD|F70|G15|G20|G25|G35|G45|G55|G65|GIV|I93|I9F|I9M|I9X|I9Y|ILW|M11|M1F|M1M|M82|M90|T20|TU5,503YJ|503ZJ|503L|502L,,
超远机坪,504,国际、国内,远机位,E,E,I|J,5X|AQ|BK|BR|CF|CI|CK|CZ|EY|GJ|JL|KE|LH|O3|OZ|SV|Y8|CA|TK|NH|ET|QR|EK,100|312|313|319|31F|31X|31Y|320|321|332|333|33F|342|343|345|346|605|732|733|734|735|736|738|739|73G|73H|73M|73W|73X|73Y|741|742|743|744|74C|74D|74E|74J|74L|74R|74T|74U|74V|74X|74Y|752|75F|75M|762|763|76X|76Y|772|773|77F|788|789|850|901|AB6|ABY|CCJ|CCX|CR2|CR7|CR9|D10|D1C|D1F|D1M|D1X|D1Y|E90|ER3|ER4|ERD|F70|G15|G20|G25|G35|G45|G55|G65|GIV|I93|I9F|I9M|I9X|I9Y|ILW|M11|M1F|M1M|M82|M90|T20|TU5,504YJ|504ZJ|504L|503L,,
超远机坪,505,国际、国内,远机位,E,E,I|J,5X|AQ|BK|BR|CF|CI|CK|CZ|EY|GJ|JL|KE|LH|O3|OZ|SV|Y8|CA|TK|NH|ET|QR|EK,100|312|313|319|31F|31X|31Y|320|321|332|333|33F|342|343|345|346|605|732|733|734|735|736|738|739|73G|73H|73M|73W|73X|73Y|741|742|743|744|74C|74D|74E|74J|74L|74R|74T|74U|74V|74X|74Y|752|75F|75M|762|763|76X|76Y|772|773|77F|788|789|850|901|AB6|ABY|CCJ|CCX|CR2|CR7|CR9|D10|D1C|D1F|D1M|D1X|D1Y|E90|ER3|ER4|ERD|F70|G15|G20|G25|G35|G45|G55|G65|GIV|I93|I9F|I9M|I9X|I9Y|ILW|M11|M1F|M1M|M82|M90|T20|TU5,505YJ|505ZJ|505L|504L,,
超远机坪,506,国际、国内,远机位,E,E,I|J,5X|AQ|BK|BR|CF|CI|CK|CZ|EY|GJ|JL|KE|LH|O3|OZ|SV|Y8|CA|TK|NH|ET|QR|EK,100|312|313|319|31F|31X|31Y|320|321|332|333|33F|342|343|345|346|605|732|733|734|735|736|738|739|73G|73H|73M|73W|73X|73Y|741|742|743|744|74C|74D|74E|74J|74L|74R|74T|74U|74V|74X|74Y|752|75F|75M|762|763|76X|76Y|772|773|77F|788|789|850|901|AB6|ABY|CCJ|CCX|CR2|CR7|CR9|D10|D1C|D1F|D1M|D1X|D1Y|E90|ER3|ER4|ERD|F70|G15|G20|G25|G35|G45|G55|G65|GIV|I93|I9F|I9M|I9X|I9Y|ILW|M11|M1F|M1M|M82|M90|T20|TU5,506YJ|506ZJ|506L|505L,,
超远机坪,507,国际、国内,远机位,E,E,I|J,5X|AQ|BK|BR|CF|CI|CK|CZ|EY|GJ|JL|KE|LH|O3|OZ|SV|Y8|CA|TK|NH|ET|QR|EK,100|312|313|319|31F|31X|31Y|320|321|332|333|33F|342|343|345|346|605|732|733|734|735|736|738|739|73G|73H|73M|73W|73X|73Y|741|742|743|744|74C|74D|74E|74J|74L|74R|74T|74U|74V|74X|74Y|752|75F|75M|762|763|76X|76Y|772|773|77F|788|789|850|901|AB6|ABY|CCJ|CCX|CR2|CR7|CR9|D10|D1C|D1F|D1M|D1X|D1Y|E90|ER3|ER4|ERD|F70|G15|G20|G25|G35|G45|G55|G65|GIV|I93|I9F|I9M|I9X|I9Y|ILW|M11|M1F|M1M|M82|M90|T20|TU5,507YJ|507ZJ|507L|506L,,
超远机坪,508,国际、国内,远机位,E,E,I|J,5X|AQ|BK|BR|CF|CI|CK|CZ|EY|GJ|JL|KE|LH|O3|OZ|SV|Y8|CA|TK|NH|ET|QR|EK,100|312|313|319|31F|31X|31Y|320|321|332|333|33F|342|343|345|346|605|732|733|734|735|736|738|739|73G|73H|73M|73W|73X|73Y|741|742|743|744|74C|74D|74E|74J|74L|74R|74T|74U|74V|74X|74Y|752|75F|75M|762|763|76X|76Y|772|773|77F|788|789|850|901|AB6|ABY|CCJ|CCX|CR2|CR7|CR9|D10|D1C|D1F|D1M|D1X|D1Y|E90|ER3|ER4|ERD|F70|G15|G20|G25|G35|G45|G55|G65|GIV|I93|I9F|I9M|I9X|I9Y|ILW|M11|M1F|M1M|M82|M90|T20|TU5,508YJ|508ZJ|508L|507L,,
超远机坪,509,国际、国内,远机位,E,E,I|J,5X|AQ|BK|BR|CF|CI|CK|CZ|EY|GJ|JL|KE|LH|O3|OZ|SV|Y8|CA|TK|NH|ET|QR|EK,100|312|313|319|31F|31X|31Y|320|321|332|333|33F|342|343|345|346|605|732|733|734|735|736|738|739|73G|73H|73M|73W|73X|73Y|741|742|743|744|74C|74D|74E|74J|74L|74R|74T|74U|74V|74X|74Y|752|75F|75M|762|763|76X|76Y|772|773|77F|788|789|850|901|AB6|ABY|CCJ|CCX|CR2|CR7|CR9|D10|D1C|D1F|D1M|D1X|D1Y|E90|ER3|ER4|ERD|F70|G15|G20|G25|G35|G45|G55|G65|GIV|I93|I9F|I9M|I9X|I9Y|ILW|M11|M1F|M1M|M82|M90|T20|TU5,509YJ|509ZJ|509L|508L,,
超远机坪,510,国际、国内,远机位,E,E,I|J,5X|AQ|BK|BR|CF|CI|CK|CZ|EY|GJ|JL|KE|LH|O3|OZ|SV|Y8|CA|TK|NH|ET|QR|EK,100|312|313|319|31F|31X|31Y|320|321|332|333|33F|342|343|345|346|605|732|733|734|735|736|738|739|73G|73H|73M|73W|73X|73Y|741|742|743|744|74C|74D|74E|74J|74L|74R|74T|74U|74V|74X|74Y|752|75F|75M|762|763|76X|76Y|772|773|77F|788|789|850|901|AB6|ABY|CCJ|CCX|CR2|CR7|CR9|D10|D1C|D1F|D1M|D1X|D1Y|E90|ER3|ER4|ERD|F70|G15|G20|G25|G35|G45|G55|G65|GIV|I93|I9F|I9M|I9X|I9Y|ILW|M11|M1F|M1M|M82|M90|T20|TU5,510YJ|510ZJ|510L|509L,,
超远机坪,511,国际、国内,远机位,E,E,I|J,5X|AQ|BK|BR|CF|CI|CK|CZ|EY|GJ|JL|KE|LH|O3|OZ|SV|Y8|CA|TK|NH|ET|QR|EK,100|312|313|319|31F|31X|31Y|320|321|332|333|33F|342|343|345|346|605|732|733|734|735|736|738|739|73G|73H|73M|73W|73X|73Y|741|742|743|744|74C|74D|74E|74J|74L|74R|74T|74U|74V|74X|74Y|752|75F|75M|762|763|76X|76Y|772|773|77F|788|789|850|901|AB6|ABY|CCJ|CCX|CR2|CR7|CR9|D10|D1C|D1F|D1M|D1X|D1Y|E90|ER3|ER4|ERD|F70|G15|G20|G25|G35|G45|G55|G65|GIV|I93|I9F|I9M|I9X|I9Y|ILW|M11|M1F|M1M|M82|M90|T20|TU5,511YJ|511ZJ|511L|510L,,
超远机坪,512,国际、国内,远机位,E,E,I|J,5X|AQ|BK|BR|CF|CI|CK|CZ|EY|GJ|JL|KE|LH|O3|OZ|SV|Y8|CA|TK|NH|ET|QR|EK,100|312|313|319|31F|31X|31Y|320|321|332|333|33F|342|343|345|346|605|732|733|734|735|736|738|739|73G|73H|73M|73W|73X|73Y|741|742|743|744|74C|74D|74E|74J|74L|74R|74T|74U|74V|74X|74Y|752|75F|75M|762|763|76X|76Y|772|773|77F|788|789|850|901|AB6|ABY|CCJ|CCX|CR2|CR7|CR9|D10|D1C|D1F|D1M|D1X|D1Y|E90|ER3|ER4|ERD|F70|G15|G20|G25|G35|G45|G55|G65|GIV|I93|I9F|I9M|I9X|I9Y|ILW|M11|M1F|M1M|M82|M90|T20|TU5,512YJ|512ZJ|512L|511L,,
超远机坪,513,国际、国内,远机位,E,E,I|J,5X|AQ|BK|BR|CF|CI|CK|CZ|EY|GJ|JL|KE|LH|O3|OZ|SV|Y8|CA|TK|NH|ET|QR|EK,100|312|313|319|31F|31X|31Y|320|321|332|333|33F|342|343|345|346|605|732|733|734|735|736|738|739|73G|73H|73M|73W|73X|73Y|741|742|743|744|74C|74D|74E|74J|74L|74R|74T|74U|74V|74X|74Y|752|75F|75M|762|763|76X|76Y|772|773|77F|788|789|850|901|AB6|ABY|CCJ|CCX|CR2|CR7|CR9|D10|D1C|D1F|D1M|D1X|D1Y|E90|ER3|ER4|ERD|F70|G15|G20|G25|G35|G45|G55|G65|GIV|I93|I9F|I9M|I9X|I9Y|ILW|M11|M1F|M1M|M82|M90|T20|TU5,513YJ|513ZJ|513L|512L,,
超远机坪,514,国际、国内,远机位,E,E,I|J,5X|AQ|BK|BR|CF|CI|CK|CZ|EY|GJ|JL|KE|LH|O3|OZ|SV|Y8|CA|TK|NH|ET|QR|EK,100|312|313|319|31F|31X|31Y|320|321|332|333|33F|342|343|345|346|605|732|733|734|735|736|738|739|73G|73H|73M|73W|73X|73Y|741|742|743|744|74C|74D|74E|74J|74L|74R|74T|74U|74V|74X|74Y|752|75F|75M|762|763|76X|76Y|772|773|77F|788|789|850|901|AB6|ABY|CCJ|CCX|CR2|CR7|CR9|D10|D1C|D1F|D1M|D1X|D1Y|E90|ER3|ER4|ERD|F70|G15|G20|G25|G35|G45|G55|G65|GIV|I93|I9F|I9M|I9X|I9Y|ILW|M11|M1F|M1M|M82|M90|T20|TU5,514YJ|514ZJ|514L|513L,,
超远机坪,515,国际、国内,远机位,E,E,I|J,5X|AQ|BK|BR|CF|CI|CK|CZ|EY|GJ|JL|KE|LH|O3|OZ|SV|Y8|CA|TK|NH|ET|QR|EK,100|312|313|319|31F|31X|31Y|320|321|332|333|33F|342|343|345|346|605|732|733|734|735|736|738|739|73G|73H|73M|73W|73X|73Y|741|742|743|744|74C|74D|74E|74J|74L|74R|74T|74U|74V|74X|74Y|752|75F|75M|762|763|76X|76Y|772|773|77F|788|789|850|901|AB6|ABY|CCJ|CCX|CR2|CR7|CR9|D10|D1C|D1F|D1M|D1X|D1Y|E90|ER3|ER4|ERD|F70|G15|G20|G25|G35|G45|G55|G65|GIV|I93|I9F|I9M|I9X|I9Y|ILW|M11|M1F|M1M|M82|M90|T20|TU5,515YJ|514L,,
超远机坪,501ZJ,,远机位,E,E,,,319|320|321|605|733|734|735|736|738|739|73G|73M|73X|73Y|850|901|CCJ|CCX|CR2|CR7|CR9|E90|ER3|ER4|ERD|F70|G15|G20|G25|G35|G45|G55|G65|GIV|LJ4|LJ6|M82|M90,501,,
超远机坪,502ZJ,,远机位,E,E,,,319|320|321|605|733|734|735|736|738|739|73G|73M|73X|73Y|850|901|CCJ|CCX|CR2|CR7|CR9|E90|ER3|ER4|ERD|F70|G15|G20|G25|G35|G45|G55|G65|GIV|LJ4|LJ6|M82|M90,501L|502|502YJ,,
超远机坪,503ZJ,,远机位,E,E,,,319|320|321|605|733|734|735|736|738|739|73G|73M|73X|73Y|850|901|CCJ|CCX|CR2|CR7|CR9|E90|ER3|ER4|ERD|F70|G15|G20|G25|G35|G45|G55|G65|GIV|LJ4|LJ6|M82|M90,502L|503|503YJ,,
超远机坪,504ZJ,,远机位,E,E,,,319|320|321|605|733|734|735|736|738|739|73G|73M|73X|73Y|850|901|CCJ|CCX|CR2|CR7|CR9|E90|ER3|ER4|ERD|F70|G15|G20|G25|G35|G45|G55|G65|GIV|LJ4|LJ6|M82|M90,503L|504|504YJ,,
超远机坪,505ZJ,,远机位,E,E,,,319|320|321|605|733|734|735|736|738|739|73G|73M|73X|73Y|850|901|CCJ|CCX|CR2|CR7|CR9|E90|ER3|ER4|ERD|F70|G15|G20|G25|G35|G45|G55|G65|GIV|LJ4|LJ6|M82|M90,504L|505|505YJ,,
超远机坪,506ZJ,,远机位,E,E,,,319|320|321|605|733|734|735|736|738|739|73G|73M|73X|73Y|850|901|CCJ|CCX|CR2|CR7|CR9|E90|ER3|ER4|ERD|F70|G15|G20|G25|G35|G45|G55|G65|GIV|LJ4|LJ6|M82|M90,505L|506|506YJ,,
超远机坪,507ZJ,,远机位,E,E,,,319|320|321|605|733|734|735|736|738|739|73G|73M|73X|73Y|850|901|CCJ|CCX|CR2|CR7|CR9|E90|ER3|ER4|ERD|F70|G15|G20|G25|G35|G45|G55|G65|GIV|LJ4|LJ6|M82|M90,506L|507|507YJ,,
超远机坪,508ZJ,,远机位,E,E,,,319|320|321|605|733|734|735|736|738|739|73G|73M|73X|73Y|850|901|CCJ|CCX|CR2|CR7|CR9|E90|ER3|ER4|ERD|F70|G15|G20|G25|G35|G45|G55|G65|GIV|LJ4|LJ6|M82|M90,507L|508|508YJ,,
超远机坪,509ZJ,,远机位,E,E,,,319|320|321|605|733|734|735|736|738|739|73G|73M|73X|73Y|850|901|CCJ|CCX|CR2|CR7|CR9|E90|ER3|ER4|ERD|F70|G15|G20|G25|G35|G45|G55|G65|GIV|LJ4|LJ6|M82|M90,508L|509|509YJ,,
超远机坪,510ZJ,,远机位,E,E,,,319|320|321|605|733|734|735|736|738|739|73G|73M|73X|73Y|850|901|CCJ|CCX|CR2|CR7|CR9|E90|ER3|ER4|ERD|F70|G15|G20|G25|G35|G45|G55|G65|GIV|LJ4|LJ6|M82|M90,509L|510|510YJ,,
超远机坪,511ZJ,,远机位,E,E,,,319|320|321|605|733|734|735|736|738|739|73G|73M|73X|73Y|850|901|CCJ|CCX|CR2|CR7|CR9|E90|ER3|ER4|ERD|F70|G15|G20|G25|G35|G45|G55|G65|GIV|LJ4|LJ6|M82|M90,510L|511|511YJ,,
超远机坪,512ZJ,,远机位,E,E,,,319|320|321|605|733|734|735|736|738|739|73G|73M|73X|73Y|850|901|CCJ|CCX|CR2|CR7|CR9|E90|ER3|ER4|ERD|F70|G15|G20|G25|G35|G45|G55|G65|GIV|LJ4|LJ6|M82|M90,511L|512|512YJ,,
超远机坪,513ZJ,,远机位,E,E,,,319|320|321|605|733|734|735|736|738|739|73G|73M|73X|73Y|850|901|CCJ|CCX|CR2|CR7|CR9|E90|ER3|ER4|ERD|F70|G15|G20|G25|G35|G45|G55|G65|GIV|LJ4|LJ6|M82|M90,512L|513|513YJ,,
超远机坪,514ZJ,,远机位,E,E,,,319|320|321|605|733|734|735|736|738|739|73G|73M|73X|73Y|850|901|CCJ|CCX|CR2|CR7|CR9|E90|ER3|ER4|ERD|F70|G15|G20|G25|G35|G45|G55|G65|GIV|LJ4|LJ6|M82|M90,513L|514|514YJ,,
超远机坪,502YJ,,远机位,E,E,,,319|320|321|605|733|734|735|736|738|739|73G|73M|73X|73Y|850|901|CCJ|CCX|CR2|CR7|CR9|E90|ER3|ER4|ERD|F70|G15|G20|G25|G35|G45|G55|G65|GIV|LJ4|LJ6|M82|M90,502L|502|502ZJ,,
超远机坪,503YJ,,远机位,E,E,,,319|320|321|605|733|734|735|736|738|739|73G|73M|73X|73Y|850|901|CCJ|CCX|CR2|CR7|CR9|E90|ER3|ER4|ERD|F70|G15|G20|G25|G35|G45|G55|G65|GIV|LJ4|LJ6|M82|M90,503L|503|503ZJ,,
超远机坪,504YJ,,远机位,E,E,,,319|320|321|605|733|734|735|736|738|739|73G|73M|73X|73Y|850|901|CCJ|CCX|CR2|CR7|CR9|E90|ER3|ER4|ERD|F70|G15|G20|G25|G35|G45|G55|G65|GIV|LJ4|LJ6|M82|M90,504L|504|504ZJ,,
超远机坪,505YJ,,远机位,E,E,,,319|320|321|605|733|734|735|736|738|739|73G|73M|73X|73Y|850|901|CCJ|CCX|CR2|CR7|CR9|E90|ER3|ER4|ERD|F70|G15|G20|G25|G35|G45|G55|G65|GIV|LJ4|LJ6|M82|M90,505L|505|505ZJ,,
超远机坪,506YJ,,远机位,E,E,,,319|320|321|605|733|734|735|736|738|739|73G|73M|73X|73Y|850|901|CCJ|CCX|CR2|CR7|CR9|E90|ER3|ER4|ERD|F70|G15|G20|G25|G35|G45|G55|G65|GIV|LJ4|LJ6|M82|M90,506L|506|506ZJ,,
超远机坪,507YJ,,远机位,E,E,,,319|320|321|605|733|734|735|736|738|739|73G|73M|73X|73Y|850|901|CCJ|CCX|CR2|CR7|CR9|E90|ER3|ER4|ERD|F70|G15|G20|G25|G35|G45|G55|G65|GIV|LJ4|LJ6|M82|M90,507L|507|507ZJ,,
超远机坪,508YJ,,远机位,E,E,,,319|320|321|605|733|734|735|736|738|739|73G|73M|73X|73Y|850|901|CCJ|CCX|CR2|CR7|CR9|E90|ER3|ER4|ERD|F70|G15|G20|G25|G35|G45|G55|G65|GIV|LJ4|LJ6|M82|M90,508L|508|508ZJ,,
超远机坪,509YJ,,远机位,E,E,,,319|320|321|605|733|734|735|736|738|739|73G|73M|73X|73Y|850|901|CCJ|CCX|CR2|CR7|CR9|E90|ER3|ER4|ERD|F70|G15|G20|G25|G35|G45|G55|G65|GIV|LJ4|LJ6|M82|M90,509L|509|509ZJ,,
超远机坪,510YJ,,远机位,E,E,,,319|320|321|605|733|734|735|736|738|739|73G|73M|73X|73Y|850|901|CCJ|CCX|CR2|CR7|CR9|E90|ER3|ER4|ERD|F70|G15|G20|G25|G35|G45|G55|G65|GIV|LJ4|LJ6|M82|M90,510L|510|510ZJ,,
超远机坪,511YJ,,远机位,E,E,,,319|320|321|605|733|734|735|736|738|739|73G|73M|73X|73Y|850|901|CCJ|CCX|CR2|CR7|CR9|E90|ER3|ER4|ERD|F70|G15|G20|G25|G35|G45|G55|G65|GIV|LJ4|LJ6|M82|M90,511L|511|511ZJ,,
超远机坪,512YJ,,远机位,E,E,,,319|320|321|605|733|734|735|736|738|739|73G|73M|73X|73Y|850|901|CCJ|CCX|CR2|CR7|CR9|E90|ER3|ER4|ERD|F70|G15|G20|G25|G35|G45|G55|G65|GIV|LJ4|LJ6|M82|M90,512L|512|512ZJ,,
超远机坪,513YJ,,远机位,E,E,,,319|320|321|605|733|734|735|736|738|739|73G|73M|73X|73Y|850|901|CCJ|CCX|CR2|CR7|CR9|E90|ER3|ER4|ERD|F70|G15|G20|G25|G35|G45|G55|G65|GIV|LJ4|LJ6|M82|M90,513L|513|513ZJ,,
超远机坪,514YJ,,远机位,E,E,,,319|320|321|605|733|734|735|736|738|739|73G|73M|73X|73Y|850|901|CCJ|CCX|CR2|CR7|CR9|E90|ER3|ER4|ERD|F70|G15|G20|G25|G35|G45|G55|G65|GIV|LJ4|LJ6|M82|M90,514L|514|514ZJ,,
超远机坪,515YJ,,远机位,E,E,,,319|320|321|605|733|734|735|736|738|739|73G|73M|73X|73Y|850|901|CCJ|CCX|CR2|CR7|CR9|E90|ER3|ER4|ERD|F70|G15|G20|G25|G35|G45|G55|G65|GIV|LJ4|LJ6|M82|M90,515,,
超远机坪,501L,,远机位,E,E,,,319|320|321|32V|605|733|734|735|736|738|73G|73H|73M|73W|73X|73Y|850|901|CCJ|CCX|CR2|CR7|CR9|E90|ER3|ER4|ERD|F70|G15|G20|G25|G35|G45|G55|G65|GIV|LJ4|LJ6|M82|M90,502ZJ|501|502,,
超远机坪,502L,,远机位,E,E,,,319|320|321|32V|605|733|734|735|736|738|73G|73H|73M|73W|73X|73Y|850|901|CCJ|CCX|CR2|CR7|CR9|E90|ER3|ER4|ERD|F70|G15|G20|G25|G35|G45|G55|G65|GIV|LJ4|LJ6|M82|M90,502YJ|503ZJ|502|503,,
超远机坪,503L,,远机位,E,E,,,319|320|321|32V|605|733|734|735|736|738|73G|73H|73M|73W|73X|73Y|850|901|CCJ|CCX|CR2|CR7|CR9|E90|ER3|ER4|ERD|F70|G15|G20|G25|G35|G45|G55|G65|GIV|LJ4|LJ6|M82|M90,503YJ|504ZJ|503|504,,
超远机坪,504L,,远机位,E,E,,,319|320|321|32V|605|733|734|735|736|738|73G|73H|73M|73W|73X|73Y|850|901|CCJ|CCX|CR2|CR7|CR9|E90|ER3|ER4|ERD|F70|G15|G20|G25|G35|G45|G55|G65|GIV|LJ4|LJ6|M82|M90,504YJ|505ZJ|504|505,,
超远机坪,505L,,远机位,E,E,,,319|320|321|32V|605|733|734|735|736|738|73G|73H|73M|73W|73X|73Y|850|901|CCJ|CCX|CR2|CR7|CR9|E90|ER3|ER4|ERD|F70|G15|G20|G25|G35|G45|G55|G65|GIV|LJ4|LJ6|M82|M90,505YJ|506ZJ|505|506,,
超远机坪,506L,,远机位,E,E,,,319|320|321|32V|605|733|734|735|736|738|73G|73H|73M|73W|73X|73Y|850|901|CCJ|CCX|CR2|CR7|CR9|E90|ER3|ER4|ERD|F70|G15|G20|G25|G35|G45|G55|G65|GIV|LJ4|LJ6|M82|M90,506YJ|507ZJ|506|507,,
超远机坪,507L,,远机位,E,E,,,319|320|321|32V|605|733|734|735|736|738|73G|73H|73M|73W|73X|73Y|850|901|CCJ|CCX|CR2|CR7|CR9|E90|ER3|ER4|ERD|F70|G15|G20|G25|G35|G45|G55|G65|GIV|LJ4|LJ6|M82|M90,507YJ|508ZJ|507|508,,
超远机坪,508L,,远机位,E,E,,,319|320|321|32V|605|733|734|735|736|738|73G|73H|73M|73W|73X|73Y|850|901|CCJ|CCX|CR2|CR7|CR9|E90|ER3|ER4|ERD|F70|G15|G20|G25|G35|G45|G55|G65|GIV|LJ4|LJ6|M82|M90,508YJ|509ZJ|508|509,,
超远机坪,509L,,远机位,E,E,,,319|320|321|32V|605|733|734|735|736|738|73G|73H|73M|73W|73X|73Y|850|901|CCJ|CCX|CR2|CR7|CR9|E90|ER3|ER4|ERD|F70|G15|G20|G25|G35|G45|G55|G65|GIV|LJ4|LJ6|M82|M90,509YJ|510ZJ|509|510,,
超远机坪,510L,,远机位,E,E,,,319|320|321|32V|605|733|734|735|736|738|73G|73H|73M|73W|73X|73Y|850|901|CCJ|CCX|CR2|CR7|CR9|E90|ER3|ER4|ERD|F70|G15|G20|G25|G35|G45|G55|G65|GIV|LJ4|LJ6|M82|M90,510YJ|511ZJ|510|511,,
超远机坪,511L,,远机位,E,E,,,319|320|321|32V|605|733|734|735|736|738|73G|73H|73M|73W|73X|73Y|850|901|CCJ|CCX|CR2|CR7|CR9|E90|ER3|ER4|ERD|F70|G15|G20|G25|G35|G45|G55|G65|GIV|LJ4|LJ6|M82|M90,511YJ|512ZJ|511|512,,
超远机坪,512L,,远机位,E,E,,,319|320|321|32V|605|733|734|735|736|738|73G|73H|73M|73W|73X|73Y|850|901|CCJ|CCX|CR2|CR7|CR9|E90|ER3|ER4|ERD|F70|G15|G20|G25|G35|G45|G55|G65|GIV|LJ4|LJ6|M82|M90,512YJ|513ZJ|512|513,,
超远机坪,513L,,远机位,E,E,,,319|320|321|32V|605|733|734|735|736|738|73G|73H|73M|73W|73X|73Y|850|901|CCJ|CCX|CR2|CR7|CR9|E90|ER3|ER4|ERD|F70|G15|G20|G25|G35|G45|G55|G65|GIV|LJ4|LJ6|M82|M90,513YJ|514ZJ|513|514,,
超远机坪,514L,,远机位,E,E,,,319|320|321|32V|605|733|734|735|736|738|73G|73H|73M|73W|73X|73Y|850|901|CCJ|CCX|CR2|CR7|CR9|E90|ER3|ER4|ERD|F70|G15|G20|G25|G35|G45|G55|G65|GIV|LJ4|LJ6|M82|M90,514YJ|514|515,,
临时机位,L101,,远机位,L4,L4,,,319|320|32V|732|733|734|735|736|738|73G|73H|73M|73W|73X|73Y|E90|ER4,,101|102|103|104,101|102|103|104
临时机位,L103,,远机位,L4,L4,,,319|320|32V|732|733|734|735|736|738|73G|73H|73M|73W|73X|73Y|E90|ER4,,101|102|103|104,101|102|103|104
临时机位,L110,,远机位,L5,L5,,,319|320|32V|732|733|734|735|736|738|73G|73H|73M|73W|73X|73Y|E90|ER4,,108|109|110,108|109|110
临时机位,L113,,远机位,L6,L6,,,319|320|32V|732|733|734|735|736|738|73G|73H|73M|73W|73X|73Y|E90|ER4,,110|111|112|113|114,110|111|112|113|114
临时机位,L115,,远机位,L6,L6,,,319|320|32V|732|733|734|735|736|738|73G|73H|73M|73W|73X|73Y|E90|ER4,,110|111|112|113|114|115|116|L113,110|111|112|113|114|115|116|L113
临时机位,L121,,远机位,L7,L7,,,319|320|32V|732|733|734|735|736|738|73G|73H|73M|73W|73X|73Y|E90|ER4,,119|120|121,119|120|121
临时机位,L124,,远机位,L8,L8,,,319|320|32V|732|733|734|735|736|738|73G|73H|73M|73W|73X|73Y|E90|ER4,,121|122|123|124|125|126,121|122|123|124|125|126
临时机位,L126,,远机位,L8,L8,,,319|320|32V|732|733|734|735|736|738|73G|73H|73M|73W|73X|73Y|E90|ER4,,122|123|124|125|126|127|L124,122|123|124|125|126|127|L124
临时机位,L135,,远机位,L9,L9,,,319|320|32V|732|733|734|735|736|738|73G|73H|73M|73W|73X|73Y|E90|ER4,,131|132|133|135|136|137|138,131|132|133|135|136|137|138
临时机位,L138,,远机位,L9,L9,,,319|320|32V|732|733|734|735|736|738|73G|73H|73M|73W|73X|73Y|E90|ER4,,130|131|132|133|135|136|137|138|139|L135,130|131|132|133|135|136|137|138|139|L135
临时机位,L140,,远机位,L9,L9,,,100|141|142|143|14Z|312|313|318|319|320|321|32B|32V|332|333|342|343|345|346|605|703|717|721|722|72B|72C|72S|731|732|733|734|735|736|738|739|73G|73H|73W|741|742|743|744|74C|74D|74E|74J|74L|74R|74T|74U|74V|752|753|762|763|764|772|773|788|789|850|901|A26|A28|A30|A32|A40|AB3|AB4|AB6|ABB|ABF|AN4|AN7|ANF|AR1|AR7|AR8|AT4|AT5|AT7|BBJ|BE1|BE2|BE3|C13|CCJ|CCX|CNJ|CNT|CR1|CR2|CR7|CR9|D10|D11|D28|D38|DC3|DC6|DC8|DC9|DF2|DF3|DFL|DH1|DH2|DH3|DH4|E70|E90|EMJ|ER3|ER4|ERD|ERJ|F50|F70|F90|FA7|FRJ|G15|G20|G25|G35|G45|G55|G65|GIV|H80|I14|I93|IL6|IL7|IL9|JS4|L10|LJ3|LJ4|LJ6|M11|M80|M81|M82|M83|M87|M88|M90|SF3|T20|TU3|TU5|X60|YK2|YK4|YN7|YN8,,140,140
临时机位,L201,,远机位,J7,J7,,,319|320|32V|732|733|734|735|736|738|73G|73H|73M|73W|73X|73Y|E90|ER4,,201|202|203|401|402,201|202|203|401|402
临时机位,L203,,远机位,J6,J6,,,319|320|32V|732|733|734|735|736|738|73G|73H|73M|73W|73X|73Y|E90|ER4,,201|202|203|204|401|402|403|L201,201|202|203|204|401|402|403|L201
临时机位,L214,,远机位,J8,J8,,,319|320|32V|732|733|734|735|736|738|73G|73H|73M|73W|73X|73Y|E90|ER4,,212|213|214|215|216,212|213|214|215|216
临时机位,L216,,远机位,J8,J8,,,319|320|32V|732|733|734|735|736|738|73G|73H|73M|73W|73X|73Y|E90|ER4,,211|212|213|214|215|216|217|L214,211|212|213|214|215|216|217|L214
临时机位,L222,,远机位,J9,J9,,,319|320|32V|732|733|734|735|736|738|73G|73H|73M|73W|73X|73Y|E90|ER4,,221|222|223|224|225|226|227|228|L224,221|222|223|224|225|226|227|228|L224
临时机位,L224,,远机位,J11,J11,,,319|320|32V|732|733|734|735|736|738|73G|73H|73M|73W|73X|73Y|E90|ER4,,222|223|224|225|226,222|223|224|225|226
临时机位,L227,,远机位,J10,J10,,,319|320|32V|732|733|734|735|736|738|73G|73H|73M|73W|73X|73Y|E90|ER4,,227|228,227|228
临时机位,L235,,远机位,J11,J11,,,319|320|32V|732|733|734|735|736|738|73G|73H|73M|73W|73X|73Y|E90|ER4,,233|234|235|236|237,233|234|235|236|237
临时机位,L238,,远机位,J11,J11,,,319|320|32V|732|733|734|735|736|738|73G|73H|73M|73W|73X|73Y|E90|ER4,,232|233|234|235|236|237|238|239|L235,232|233|234|235|236|237|238|239|L235
临时机位,L301,,远机位,L3,L3,,,319|320|32V|732|733|734|735|736|738|73G|73H|73M|73W|73X|73Y|E90|ER4,,301|302|303|304,301|302|303|304
临时机位,L303,,远机位,L3,L3,,,319|320|32V|732|733|734|735|736|738|73G|73H|73M|73W|73X|73Y|E90|ER4,,301|302|303|304|305|L301,301|302|303|304|305|L301
临时机位,L515,,远机位,E,E,,,100|141|142|143|14Z|312|313|318|319|320|321|32B|32V|332|333|342|343|345|346|605|703|717|721|722|72B|72C|72S|731|732|733|734|735|736|738|739|73G|73H|73W|741|742|743|744|74C|74D|74E|74J|74L|74R|74T|74U|74V|752|753|762|763|764|772|773|788|789|850|901|A26|A28|A30|A32|A40|AB3|AB4|AB6|ABB|ABF|AN4|AN7|ANF|AR1|AR7|AR8|AT4|AT5|AT7|BBJ|BE1|BE2|BE3|C13|CCJ|CCX|CNJ|CNT|CR1|CR2|CR7|CR9|D10|D11|D28|D38|DC3|DC6|DC8|DC9|DF2|DF3|DFL|DH1|DH2|DH3|DH4|E70|E90|EMJ|ER3|ER4|ERD|ERJ|F50|F70|F90|FA7|FRJ|G15|G20|G25|G35|G45|G55|G65|GIV|H80|I14|I93|IL6|IL7|IL9|JS4|L10|LJ3|LJ4|LJ6|M11|M80|M81|M82|M83|M87|M88|M90|SF3|T20|TU3|TU5|X60|YK2|YK4|YN7|YN8,,513|514|515|513L|514L|513ZJ|513YJ|514ZJ|514YJ|515YJ,513|514|515|513L|514L|513ZJ|513YJ|514ZJ|514YJ|515YJ
临时机位,LGY03,,远机位,J12,J12,,,319|320|32V|732|733|734|735|736|738|73G|73H|73M|73W|73X|73Y|E90|ER4,,GY01|GY02|GY03|GY04|GY05|GY06|LGY06,GY01|GY02|GY03|GY04|GY05|GY06|LGY06
临时机位,LGY06,,远机位,J12,J12,,,319|320|32V|732|733|734|735|736|738|73G|73H|73M|73W|73X|73Y|E90|ER4,,GY04|GY05|GY06,GY04|GY05|GY06
临时机位,LGY07,,远机位,J12,J12,,,319|320|32V|732|733|734|735|736|738|73G|73H|73M|73W|73X|73Y|E90|ER4,,GY07|GY08|GY09,GY07|GY08|GY09
临时机位,LGY10,,远机位,L10,L10,,,319|320|32V|732|733|734|735|736|738|73G|73H|73M|73W|73X|73Y|E90|ER4,,GY07|GY08|GY09|GY10|GY11|GY12|LGY07,GY07|GY08|GY09|GY10|GY11|GY12|LGY07
